eginrsuvy, 1
abbeiiilmprrttuy, 1
aehmrss, 1
adeertw, 1
adeertv, 1
ddegilnru, 2
adeertt, 2
eeglnt, 8
aegilnn, 3
deelly, 1
aegilnp, 3
aaccilprt, 1
aegilnv, 8
eeenpsx, 1
bcenorstu, 2
afggiimnny, 1
giinprrssu, 2
eefilr, 1
ceglnoosw, 1
clmpsu, 1
acdeeers, 1
aegluvy, 1
aceegirtt, 4
aegillv, 6
elmst, 2
aillv, 2
iinoopsst, 1
eehnorrstu, 1
acehlsst, 1
aerswy, 2
eeirvw, 1
acelmnss, 1
aeerrtt, 2
eglops, 1
agmprsu, 1
cilnnoostuuy, 1
akrst, 1
amyz, 1
deeegrs, 2
aeeiiilnqstu, 1
aaegilnnrtt, 1
aacdiosuu, 1
efilny, 1
aadeegggrt, 1
dghiin, 1
einsstw, 3
ailmn, 2
cdeiinort, 7
eeilnrty, 5
ehorty, 2
aegilnst, 1
eeffrrsu, 1
empty, 5
eeilllmv, 1
deelpy, 7
eeilnrst, 1
knpsu, 1
aegilrz, 1
acggrsy, 1
abgrs, 1
ehnorr, 1
beghirstt, 1
cdeeimnnrst, 1
beiiiilopssst, 1
accceimnrsstu, 7
aegilnrt, 1
eiqrsu, 1
cceinnoopt, 1
eehnorssttuw, 1
adeenrrsw, 1
aeghinr, 8
eerssttu, 2
almnowy, 1
aeghinv, 1
ggiinnor, 2
dgiiinnty, 1
ellnoow, 2
efilst, 14
adeerrs, 1
aelmosss, 1
eimmorrt, 1
bgiilnty, 1
cdeefilltuy, 1
egilmnopy, 1
abceint, 2
defilptu, 1
aaeelnnnpssstu, 1
hrsu, 3
aacceghost, 1
ehorst, 18
ehorss, 9
bddenotuu, 1
achirty, 2
cgikknnos, 1
ggiinnnr, 3
aaciiinnopstt, 1
ehorsy, 1
bckooopy, 3
deelmt, 1
ehorsw, 1
efilrt, 2
aeeprrtu, 1
aaemnprtt, 2
bbcdeefgiikllnnoru, 1
aeghiln, 1
dersttu, 2
deelmy, 1
ahlpss, 1
dfimooor, 1
ghinortw, 6
acdeemnopss, 1
eglosv, 1
fllu, 22
acnsty, 1
aemrstt, 7
eilv, 18
eilu, 1
deenrrs, 2
eilt, 1
efhirs, 1
eils, 3
aemrstw, 1
eilp, 2
dfin, 25
eiln, 13
aehlpsst, 1
eilm, 1
chilly, 1
aegilrrru, 2
floo, 1
flou, 1
deipprst, 1
gorw, 5
flow, 3
eikt, 1
deehhprs, 3
aclmmy, 1
elmno, 2
eikn, 1
enstu, 1
deelst, 3
eikl, 103
efiltu, 1
adeillrsttu, 1
acdehnst, 2
degiisssu, 2
eeenpssx, 1
dhlosu, 73
hrtu, 3
adegirttu, 3
giinntw, 2
demmrruu, 5
ceginrsu, 1
einw, 5
ehnost, 2
abilrttuy, 1
einr, 1
delnoprsu, 1
einp, 2
adeellnquu, 1
einn, 7
beelooprrsstuy, 1
accelmmnoop, 3
aemrsst, 1
adesty, 4
deemorv, 3
adestw, 2
ceeinotux, 1
deeefhnrs, 1
eimt, 119
efhiss, 2
eimr, 2
eimn, 22
giinrsuvv, 1
aacdlns, 4
bgiilnor, 1
aeeilmnnst, 1
amnoprsst, 1
dehirru, 5
giinnru, 1
ceerss, 1
addeiinoppst, 2
eipw, 2
adeswy, 2
eipr, 7
eipp, 5
aeprs, 10
cdeeelst, 1
cdeiorsv, 4
aepry, 1
addeeprsu, 3
eehst, 72
almorst, 1
ceerst, 9
ceersu, 10
acehprt, 7
hosstu, 5
aabckrrs, 1
adeimrr, 8
aceenrssy, 8
aepsu, 4
acdeennrt, 1
egnostu, 1
admps, 1
ddeeghilt, 1
bdeilor, 3
aaahlmnpst, 1
acdehnor, 1
aklnps, 1
eehrw, 71
eehrt, 293
ffginpu, 1
ceelnorsu, 1
aiilmntt, 1
cemooprsu, 1
deellry, 3
eirw, 1
addejstu, 2
eirt, 1
eirs, 4
cdellnoort, 2
dfoo, 4
aerssu, 3
acdeiqru, 2
acdemor, 1
bddefor, 4
aeemns, 3
biilnoov, 1
aerstw, 2
eeelmrtxy, 1
dfnu, 4
eeemrsttx, 1
cdlloy, 4
bginrstu, 1
ccko, 1
acefiorst, 1
dfno, 2
cdeiorrt, 3
effinossu, 1
eehtt, 14
ddeefmor, 2
efoopsstt, 1
acdehinnr, 1
aeegrrt, 3
eeehirss, 1
ceeeimnnstt, 1
fhlsu, 1
cceeeinnnov, 2
ceinorstu, 1
aceinostu, 1
cdeffisu, 1
eeeegnsv, 1
adeirrsuy, 1
eeilmmnsy, 1
aabdlorr, 2
eersstt, 13
agilnss, 1
filnor, 1
addeffor, 2
eisz, 4
eisw, 5
ackkn, 1
eist, 1
adnno, 1
acdemn, 1
filnoo, 1
eeiqsttu, 1
ceinorsux, 1
aegilnopsttux, 1
bbinors, 1
adinty, 1
ginnot, 1
cdeffiiilstu, 3
aegnrrsst, 1
hlloy, 2
cdgiiinnt, 1
hmostu, 1
eeiqrru, 1
acklo, 2
ejnoruy, 1
eivw, 4
eeisz, 1
acehst, 1
cdeinort, 1
deikrst, 1
deikrsu, 1
aacilttuy, 1
addegln, 1
ackls, 1
aeeimmnt, 4
cenoqru, 1
abhit, 6
emrstyy, 6
cddeeiprt, 1
eeeglnt, 2
cdeinors, 3
acdeot, 1
acghintw, 9
eghiimmnrs, 1
abceeelprst, 4
acdeelmnoptt, 2
aabilnssttu, 2
aceennoprtu, 1
aabcilnn, 7
acehrs, 5
cdiirstt, 1
agilnpy, 5
aacchilmot, 1
hirstt, 2
bdeefllosw, 1
aeprrtu, 1
aadegnrr, 2
abdettu, 2
belmmoorru, 2
eeeefgs, 1
anno, 1
aghikns, 4
aceeissst, 2
aeprrsy, 1
aopruv, 1
acders, 5
acdert, 2
acderv, 1
ehiprs, 1
ccennor, 3
chikns, 1
abertty, 2
abelllsy, 1
eenoprsss, 2
aagiilnnuv, 1
deotv, 2
aceillrs, 1
aehilsttw, 1
aceeehimntv, 1
eeilmmnpt, 1
addeginr, 1
egoru, 2
bkluy, 1
eehorvw, 32
ceeeissvx, 2
eilstt, 1
inoprss, 2
agilnnp, 2
aeginpprr, 1
addeggr, 1
filnty, 1
adghilty, 1
acceelnrtu, 1
cdelnostu, 1
ceelmow, 2
emorsuy, 4
ceghhiinrs, 1
aanswyy, 1
elmoorsy, 1
bemors, 1
lnoy, 101
ccikopst, 1
eosttu, 1
acdiijlu, 1
ceelmns, 1
acdesu, 3
ablorsu, 1
ceelmnt, 1
eeinr, 14
deenrsttu, 1
eiinqru, 1
dinoww, 37
lnny, 1
adeklprs, 2
aaegiiimntv, 1
ailrv, 1
bdenru, 2
acehir, 1
egilnotz, 1
egoos, 1
ailrt, 2
cnorw, 5
abbegl, 1
blost, 1
deghiilsst, 1
anry, 2
eelrstt, 9
gilnoppt, 1
aeghinnpp, 1
eilswy, 1
eelmoprsy, 1
anrw, 5
aeiilmnptty, 3
cortu, 7
deopt, 1
acellry, 6
aoprru, 2
elrstu, 8
acellrs, 1
accinoos, 3
bdelortu, 3
ailst, 3
cdeejkoy, 1
ehrtw, 8
ccoru, 3
acdeeilnpprru, 1
deejoorvy, 1
adeeeilnt, 1
ellmnosy, 5
adeinrst, 1
acdees, 4
aeinprst, 1
bceeijstuv, 1
cdeeopr, 2
aeinprss, 1
ailty, 4
egilnorw, 1
antu, 27
cnotu, 3
acdehr, 2
acdehs, 2
aacdeknrs, 2
ggiinnsw, 3
abenrz, 2
eeehmorsw, 4
aghirs, 1
aeellntuvy, 2
abenry, 1
ellnosw, 1
aceiilmpst, 1
elrsuy, 7
ailtv, 1
acdehk, 1
aeeemmnprtt, 1
ccginnorsttu, 1
abenru, 1
adeillnu, 1
antw, 30
deorv, 9
ahirt, 2
dghhilost, 1
ccdehltu, 1
ggiinnrw, 1
cceeillnoorst, 1
bdelnoss, 1
deknott, 1
egopr, 1
abenst, 1
deeehlw, 1
llorst, 1
deeopprss, 1
ceimrs, 3
aehlnrtuy, 1
aadehwy, 2
eeflnqrtuy, 4
ddeehnorsu, 1
cfinnoosu, 1
answ, 3
deorr, 13
bdenoy, 13
ailns, 5
ailnt, 1
aailnnot, 3
bilopssy, 3
ailnp, 5
ccdeiopu, 7
ahlmoops, 2
abchnr, 3
ccdeemmno, 3
hirsst, 1
aeellpprtuy, 1
anvy, 1
acehlp, 1
ffgiinps, 1
deiqttu, 3
accghint, 1
deooorsw, 3
aeelnprtv, 1
acdeiv, 2
definrs, 3
cdeoprru, 2
demopprt, 1
iiorstv, 10
aehinnnn, 1
aceellrssy, 4
ceeorrssu, 1
corss, 3
borstu, 2
acemopr, 2
aeimnrrs, 1
acdell, 32
acdelm, 2
bginruy, 1
acdeln, 11
ailpr, 1
acdelp, 11
aeghhiinstww, 3
eeirrt, 1
adinsu, 1
acinnorstt, 1
eeinrstt, 13
acdekp, 3
anwy, 1
aceilprst, 1
aimnnostu, 2
acdeks, 1
acdeeillty, 1
bdeerttu, 2
acghinpt, 1
ahint, 1
adghinosw, 1
eeirss, 3
adinrw, 1
cilorsuuy, 1
ceeilprsy, 6
eeinrsuv, 1
eeefinrrt, 6
cdeeorv, 7
clmopy, 1
deghilnorsu, 1
abcelllnnoortu, 2
deeglss, 1
epprsssu, 2
ellss, 2
acdeeghnx, 2
allsuuy, 4
aginss, 1
iilmt, 1
accdeimmnotu, 4
aginsy, 20
agillmnu, 86
giinor, 1
eoprstu, 5
eiinorrt, 1
ersttu, 1
ddginpu, 2
eillooprv, 1
degiissu, 1
deglorw, 3
bdeimmr, 1
aeeknssw, 1
aginrv, 2
ainqtu, 2
acdlsty, 1
ehossu, 9
aacennnoy, 1
ggiiimnssv, 1
cdeeeiprv, 3
abeeiilmnst, 1
defilru, 1
deiinsszz, 1
aegllrruy, 1
dlryy, 1
eeginpsw, 2
ddeenru, 2
adenorstuuv, 2
knoos, 1
aiprsstu, 2
cddeennou, 1
ccghilntu, 1
eeginorsv, 5
bcdeeemr, 2
hirst, 12
ceefhlru, 1
cemooprs, 1
aeenuv, 4
korsw, 1
iinnoop, 3
aaceeimnnnt, 1
aciillopt, 1
aehinppss, 6
aginpy, 6
eeilttx, 1
belrttuy, 1
ddginno, 2
cdefor, 1
aaddemrsy, 2
abelsty, 3
deeiinoptx, 4
aacls, 1
emorw, 2
giiknntt, 1
abelstt, 1
ceilss, 1
kortu, 1
foopr, 1
dehilosuy, 1
efhlttw, 1
abdipru, 1
emoss, 1
emosv, 1
aginrstt, 3
deeghiinnstw, 1
dgiiklnns, 1
emost, 1
ellps, 1
aginvw, 3
emosy, 1
eeilnstt, 1
behort, 1
ghinostu, 3
diilv, 2
beefil, 3
aabcdlrs, 1
aceehrt, 2
abciimnnoost, 1
aaghlmrsss, 1
dgin, 2
knosw, 10
enrsu, 2
aeilnrstv, 3
ellms, 2
cehirt, 1
aginrssu, 1
aachrrst, 1
adeestw, 1
cehirr, 2
aceehrs, 1
chnoops, 1
eeoprsux, 1
aabcgiikllmn, 1
ciiloorst, 1
beirtt, 6
acejkt, 6
knost, 2
fghhllottuuy, 1
ahknst, 5
fmor, 318
diiot, 1
bddegin, 1
dlnnoo, 12
bdelou, 14
bdelot, 3
ejko, 2
cdek, 9
aeilnrsuv, 1
cdei, 1
enrty, 7
giiknnst, 1
adeghmnorrt, 1
deeeprrsv, 1
addeginrss, 2
hiknst, 12
beirsu, 1
cdeeeiptv, 1
hstu, 22
defilxy, 1
abiimostu, 1
ejnu, 2
cdekoor, 2
alnotw, 3
ddegiklnnos, 1
egnoruy, 3
acins, 1
chlnu, 1
acinp, 2
cddeeiorsv, 9
adeitttu, 3
ceeellntx, 6
aelprst, 2
denprtu, 2
aemrrst, 1
ehinnssu, 3
aafiiilmrty, 1
ellssw, 1
iinsst, 1
abeeilnorx, 1
aeqrrstu, 3
eikrsst, 2
hllowy, 4
eeiprrttwy, 1
deehirsv, 1
aclnry, 2
deemnoy, 1
adlsy, 2
eilmntuy, 2
egnorsu, 1
ddeghiiinsstu, 2
acddinorst, 1
hiilmtuy, 1
eeegtt, 1
mmnossu, 1
aceknnttu, 7
deehirtw, 1
aginpprst, 1
cefinnooss, 1
egoprrss, 2
aeehlnvy, 1
ejov, 2
anrstty, 1
cffil, 2
acegnsu, 1
chlot, 2
eeeiqtttu, 2
dglo, 8
addeiors, 1
cdik, 2
aacrttt, 2
eeorrst, 2
adeeeprst, 3
bceeinssstu, 1
bbceelnoosst, 1
begilnss, 2
aertwy, 3
dgos, 8
aeenrr, 4
cdlo, 29
aeopr, 1
dgoo, 97
adlmy, 1
aaddeiirrt, 1
ceorsss, 1
fgiimnstyy, 1
ghhloortuy, 2
eenprtv, 1
cdgilnos, 1
dgno, 4
bcdeklo, 1
ceikrty, 1
deehiprsw, 8
bcdeklu, 1
adefiilnquu, 1
eghhinss, 1
ceelnnoqstuy, 1
aadehms, 2
giinort, 1
eenprst, 23
ikrsst, 6
adlou, 1
cddeeinors, 4
hmnost, 12
acilm, 2
iksvvy, 1
acfinny, 1
aqrtu, 2
aillnortuvy, 1
bhrsu, 10
eenrst, 1
beijs, 1
aceenrttu, 1
eenrsv, 4
aeeeilnrrtv, 1
aeimnnopptt, 1
hmoruu, 2
iilmst, 1
ejsw, 4
ejst, 2
acdenrt, 1
eefilnst, 1
eegrv, 1
aceoortv, 2
aeilrrty, 1
eegrt, 2
bdhiloorstty, 1
denprsu, 1
befirs, 1
eilmnoosst, 3
fggoy, 1
beefor, 95
acdeegnoru, 1
dgsu, 1
bbderu, 2
acdemmnors, 1
deffginnnou, 1
acdeistt, 2
bceeehknos, 1
adenstuy, 2
agiilnrt, 1
cgikknno, 3
addehln, 1
deeennrsst, 2
ddeiinv, 1
aaddeghnrtu, 1
eenqsu, 1
ahrrtu, 1
eflopruw, 7
dgru, 2
cdor, 1
adeinpt, 1
bgilmntu, 1
aacgimnp, 1
hlloow, 9
ccelloort, 1
aaccinosstu, 1
agiilnsw, 1
acehrry, 1
eeginnprtv, 1
beeelnnotv, 4
hmnot, 4
ccdeorru, 6
aelrwy, 3
aeppr, 18
adeinst, 9
rstuy, 1
aghilrt, 3
deginrss, 3
aeelprt, 1
deilnssw, 1
agiilntv, 1
aacceinsv, 2
ddegilnu, 1
addllnor, 29
hotuy, 5
aceeilnnoqstu, 1
abggy, 2
ddegilnp, 4
giopss, 1
eeginnprst, 1
aacdeelrrsttt, 1
aceitv, 2
aahnnt, 1
aadeh, 1
adeinrt, 2
rsttu, 7
adeghlu, 10
abeehiilnstux, 1
adffor, 4
almottu, 1
aadegmn, 4
eehps, 1
eehnpst, 136
afmosu, 1
eorrrs, 2
deiklswy, 1
efgimnoprr, 2
deiins, 7
aillprs, 1
eorrrt, 2
giimnruv, 2
deiinv, 2
aaceeflps, 1
ccelnopy, 4
adelmnns, 1
deeflrttu, 2
acgiiinnottx, 1
efgorry, 1
agiklnt, 7
agiklnw, 4
loos, 1
loop, 1
loprty, 2
dgknoorruw, 1
eijnor, 3
eggiinnr, 2
aooptt, 1
bemnru, 6
abeqrsu, 1
emmory, 13
denru, 42
beiilnnssy, 1
ahhrs, 1
cghilorssst, 1
aenorrstw, 1
ddeiorrs, 1
adeervyy, 1
aillnosu, 2
aghilnt, 2
filmry, 1
aorr, 1
aghilnw, 9
aghilnu, 1
aacfmnortuy, 1
dekorw, 7
delruy, 2
deijnru, 5
enoors, 3
egnst, 1
enpruy, 1
deimoprv, 2
deimoprt, 1
adeeeprt, 7
deimoprs, 4
eehlw, 2
eehlt, 1
gnorst, 17
bddeeeimorr, 1
eehls, 3
enooss, 1
ccenort, 1
eehln, 1
deefinrr, 1
acgimnsty, 1
fghit, 6
denor, 1
orsst, 2
aegillnrtv, 9
denos, 3
ginnrtu, 15
denot, 3
cehils, 1
aeeghlortt, 4
denoz, 5
loss, 1
ceenorsv, 1
losw, 11
ceilop, 5
lost, 12
losu, 25
eggiinrv, 1
bceorsu, 1
cdeeiimn, 2
ceilny, 2
bdemoo, 1
orstw, 1
orsty, 17
deginnoprs, 1
cersttu, 1
aeegllnry, 6
deersuvy, 5
kloo, 46
aeginnoprst, 2
ceilnt, 10
aabginr, 2
aefnorttu, 5
cehins, 4
efimnorsstu, 3
agiinssst, 1
egnor, 4
aacinpst, 1
abfflou, 1
cceorrt, 1
aaddelppu, 1
denps, 5
adgiijnno, 2
dggijnu, 1
aceilmrs, 1
eeellnrsst, 1
beggiinnn, 4
deknnru, 2
emnorsuu, 3
ceeegiillnnt, 1
aabeeklnpsu, 1
blntu, 1
deehiinrt, 1
aceghinnnt, 1
aeehilmnw, 5
ddeenpu, 1
ehirrsu, 1
altuv, 2
cdinooprtu, 1
cejoprst, 2
egiinqruv, 3
aeemrssu, 3
aaaceenppr, 5
cdeenrt, 1
cehnpsu, 1
abdnoyy, 6
aceeehimnstv, 1
eeimprss, 3
klsu, 1
giinrs, 3
adhiloy, 4
ddeefnoru, 1
acdeeinrs, 4
aelrsv, 1
orsuy, 7
cdhors, 2
eegimnnn, 1
deeegmr, 4
giklnoo, 30
deinorsssw, 1
abiinorstv, 1
adhlry, 14
aelrsy, 1
adeemnnort, 1
dehostu, 10
blnow, 1
abgginn, 1
ceilms, 2
adeeilnpx, 4
accdehrst, 1
acinnost, 1
acghimnr, 2
aaeilnnoptx, 5
aelrtt, 4
ckrstu, 9
aaclrvy, 1
ddeenow, 1
aelrtv, 4
bgimnoo, 1
eegginrt, 3
aaefginrs, 1
eehprs, 1
eiilnoorrstu, 1
eeeinprrst, 6
diivv, 2
cehostu, 1
adginr, 7
celoost, 1
acdemopr, 2
adeempttt, 1
agikmn, 19
eegnrt, 1
adeeppr, 2
eoprtvy, 6
eegnry, 5
dhitw, 1
dgiinty, 1
aeglsss, 4
aabehlrsszz, 1
acdeeilnrst, 2
clmnou, 2
dgiinst, 1
knrtu, 4
deenop, 10
agilnrsu, 6
deglnpu, 5
deenot, 1
adehinosst, 2
ceellmopty, 9
ddeeelopv, 2
aeeforstt, 1
eiklnsy, 2
cemrruy, 1
aeillrsttu, 2
cdeiinrt, 1
ddefnou, 1
adepprt, 1
ainps, 1
ainpt, 3
adepprw, 3
cghiknos, 1
abbehirs, 2
bgilnos, 1
cekmory, 5
ainnot, 2
dginot, 1
dginos, 1
bgilnow, 5
efinst, 1
enorsstuu, 1
adeeprt, 1
dginow, 1
cekmors, 1
cdeiinos, 2
chillnoot, 1
egilnrstu, 1
abdeeeillnruv, 1
dlnouw, 15
aabciilnnosstttuy, 1
kmosy, 2
efinry, 1
dehiopprsw, 1
loops, 3
ahknt, 12
adforrsw, 3
efilopr, 1
aacilnppt, 1
accelrsy, 7
dhis, 3
cefor, 5
loost, 1
acdemmnor, 1
eeeinstvx, 1
ginoopst, 1
dehilstw, 1
addeest, 1
mopprt, 4
dilru, 2
eeenrrt, 1
dilry, 1
efhilms, 114
aacfiiilrt, 2
knrstu, 1
eknw, 33
dgiinrv, 3
aaaccrtt, 1
ceho, 1
elosv, 1
deenrr, 2
eloss, 1
agilnrtt, 3
deenru, 1
deenrt, 2
aabmnot, 2
ddeelnpru, 1
dhirt, 6
ginprsuu, 1
eginors, 6
kllsu, 1
forty, 3
cdeent, 2
acdeeginrs, 1
elotw, 1
bcdeinou, 1
agiknt, 15
adhinrtww, 2
efgirsu, 3
agiknw, 1
ccdkooow, 1
adeenrtuv, 2
fnort, 19
iinnoops, 2
belry, 1
ekpt, 11
aadiimnorrstt, 1
ceeinnnoqstu, 1
deeilntvy, 4
deeimnnot, 3
eklnt, 2
chotu, 8
cefnoss, 4
bdeoorrw, 2
dilos, 1
aeefiknnnrst, 1
bcejstu, 7
aeemnsttt, 3
alprty, 5
beioorsstu, 1
ceiv, 1
ekow, 2
dhlo, 12
cein, 6
cdeehiknt, 1
addehosw, 1
ceil, 1
elorv, 4
elorw, 9
aeimnopttt, 1
adgimnoorrw, 1
efooprrss, 1
forst, 10
belss, 4
celt, 1
celu, 1
cdefinnot, 1
amrrty, 1
cell, 1
abiss, 1
eloos, 6
egglrrstu, 1
mmopsty, 1
hiillpps, 1
beeerz, 2
fhilty, 1
emrry, 16
abelmnno, 2
chmooorsssty, 1
ceeehimnoprsv, 1
dgiinnw, 4
abceklst, 1
emrst, 2
aaghmr, 1
cekn, 7
emrsu, 1
ceflt, 1
acinrsssu, 1
aabeeeglr, 2
abcdkloow, 3
aehlorsy, 1
ceeptx, 11
aceiqru, 1
deenprt, 1
cdehipt, 1
deffstu, 2
cent, 1
aclps, 1
chopr, 4
aceinnsst, 2
aervw, 1
eefprrs, 2
aabeellprsu, 3
aaintt, 2
ceno, 48
deehillrsv, 1
adghiinnnostttw, 2
moopstt, 1
hnooru, 9
eensss, 3
aeeiillrtt, 1
eghnrstt, 3
belno, 7
eeiimnosstt, 1
aafkk, 1
eksy, 2
bdilu, 1
below, 14
adeiimnnoppsstt, 1
abins, 1
abinr, 2
dginru, 13
cemo, 83
ghinrsttu, 2
bceeilpsstu, 1
agiilnor, 3
deemrrru, 1
aerwy, 4
adoty, 6
belos, 1
eenstv, 3
ceopprs, 1
bdiln, 3
abekmrs, 1
dilmy, 1
dehipps, 1
dehlrswy, 1
aaeeginrtv, 1
cepu, 1
cdehinp, 1
aaflt, 2
ceps, 1
addeelp, 1
ehoorstv, 1
eemprt, 1
addeely, 1
accehimnss, 1
bbchu, 1
fghotu, 2
cdeilps, 1
ffgru, 3
cefhi, 39
ceor, 1
aclsw, 1
elnotvy, 1
cepsstu, 1
cefht, 2
aclsy, 1
acdekln, 1
eegmnnorstv, 1
eelmpt, 7
aefilrsu, 1
ahhrru, 1
ceeelopsst, 1
aceimsstty, 1
aestt, 15
cerw, 3
ceru, 1
acdeehiv, 1
aesty, 1
abeltt, 5
aestw, 1
cenostt, 1
ahmnopst, 2
aestv, 2
afhinos, 4
eiooppst, 4
ceinnnost, 1
eemorv, 2
eemort, 1
aaceegillnnp, 1
aagin, 91
ehirst, 2
dhtu, 1
ehirsv, 1
aghinprrsst, 1
aellnoprsy, 6
aclnnostty, 1
eprrsuu, 1
acegostt, 1
ceeilmnnoorsuuy, 1
aforuv, 4
aemrtt, 27
aaeinopprrt, 2
ceefilnnsu, 1
aceinnrsu, 2
abjms, 1
aceghinrs, 3
aeemrsu, 4
aesvw, 3
cenosvy, 1
addeehr, 1
apps, 1
aeemrst, 1
aeopprv, 2
aceinnrtu, 1
deiillmptu, 1
bdeopst, 1
acefnr, 2
abcghllou, 1
deikpps, 2
deeilmnoss, 1
beeeenrz, 2
innou, 5
deehiilnqrsu, 2
aeiimnptt, 3
ceinnnott, 2
aacdeglnorttu, 2
agikklnrsy, 1
brstu, 3
adegmnrsu, 3
beffinr, 1
ceinnnoox, 2
eorstv, 1
dllorwy, 4
beelnoss, 1
enoprs, 15
nostu, 1
gikns, 3
deilmopr, 1
mstu, 78
nosty, 3
aaellnpsty, 1
aaadegnstv, 1
eeiiklsw, 1
eiilmss, 2
apry, 11
bsuy, 5
eorsty, 1
aprt, 36
aprs, 2
dehirtww, 1
eorsst, 1
aaeghnopr, 1
eeegmnrss, 2
eekps, 3
cdeelmopt, 2
mmrruu, 2
adeersst, 1
mssu, 1
aaelllpr, 2
deijno, 4
eiprsst, 1
adeirstvy, 1
ehorsuwy, 1
enoptt, 2
eeksw, 5
aiorsuv, 4
agikmns, 1
aginoottt, 1
hlorsty, 1
beostw, 3
cehikprsw, 1
aceeffltu, 1
ilnosw, 22
ginprs, 4
eiopstu, 1
anostw, 16
aadrstuy, 10
eiills, 1
adeegirst, 1
ahhrst, 1
apss, 7
acefrs, 1
dejmpu, 3
ainopss, 4
beeelst, 1
aairstu, 3
begilnt, 1
deeghiinstux, 2
apsy, 1
giinnopt, 2
apst, 15
eikrst, 3
eiilms, 1
accimnos, 1
iorstuuv, 1
ahksy, 1
eggimnr, 1
adegimnr, 1
bdelnu, 1
abeforr, 1
deinrrtu, 1
deiinstuv, 1
ffhit, 1
deggilrw, 1
deeirrt, 5
aceeinrss, 1
cdeeho, 1
aghhoopprty, 2
eekls, 1
efnot, 18
cennoopru, 1
eekln, 3
aefiortuv, 2
ceikln, 2
ceikls, 1
eemorstt, 1
ceehimnnooprs, 2
eeehlmsstv, 7
adeinoppt, 1
deeirss, 2
cdeekp, 1
aegiknps, 6
acehllmnoy, 5
cginnnu, 2
aacilpt, 1
efnrs, 1
afghilns, 1
abelnu, 6
mmopssty, 1
eknops, 7
ekorst, 1
eeinnoprss, 1
abdeknprtu, 1
ciklquy, 13
aachilm, 5
ceeortux, 1
deeeinprtux, 1
aciilnottuv, 1
bceehmnrs, 1
cginnos, 1
eekns, 8
aceghilloot, 1
abeiillrty, 2
kmsu, 1
aacekmnnr, 1
elllnsuy, 1
acefft, 1
delrstu, 1
ekorru, 1
ekorrw, 1
ainrt, 11
bddeiloo, 1
aaclrs, 1
adeeimrst, 1
ainry, 1
aceilnor, 2
aemrrw, 1
deehorv, 1
cmnoy, 3
aeelprsu, 7
aeelprst, 1
cdefnosu, 3
aghlu, 5
adilms, 7
defilrru, 1
aimnoprtt, 5
aaclsu, 1
aemrss, 1
ainsw, 1
aemrst, 14
beeeiilnprssx, 1
eeelrsvy, 1
adeeehnrtt, 1
ainst, 6
gilnops, 2
aintw, 1
abgilnz, 2
aadehirst, 3
acdemors, 1
deefinr, 2
abelrt, 2
ccdeennor, 3
abelrr, 2
cddeemnno, 3
abelry, 1
abelrw, 1
abehlnooru, 2
ddeeginstu, 1
ccdeennot, 2
deeglrs, 1
abeinrst, 2
aceeillst, 3
aallprw, 1
abelst, 1
adilns, 5
deeijnorr, 1
adeeeillmmos, 1
eghlnty, 1
aeelrt, 1
acdginprruuvw, 1
ainoop, 1
elnwy, 1
aeelrv, 2
aeehrtw, 11
billnou, 2
acilnnooost, 1
fnnuy, 5
ddeelpr, 2
fhiloos, 1
aeelsv, 4
aabcehilrt, 2
agilns, 2
acehimns, 1
aflllpuyy, 1
bcesu, 1
eeflry, 2
agilny, 3
aalnnrtuu, 2
aimmx, 1
ellt, 50
ells, 6
aeelpr, 1
aeelps, 16
bdegilo, 4
ceiinst, 1
cdeeerrrstu, 1
clostu, 1
foor, 3
cffu, 1
ellw, 114
foot, 19
efginr, 5
aabefkrst, 8
ceert, 2
cdelooru, 2
ccdehoru, 2
aehnrss, 2
aaehmnostt, 1
eilnotv, 1
aehimpssty, 1
aeehrsw, 1
aaaersst, 1
clmnosu, 1
elnt, 1
diks, 1
elns, 1
aeeinnoprtt, 1
fgiilnt, 2
iinooprsv, 1
dikn, 12
deghiilns, 1
aefginr, 1
aenrsstv, 1
aeeflrw, 2
adeiimnnoppstt, 3
bdelosstu, 4
aadddeiilpt, 2
effginrssu, 1
cceejnorstu, 1
elmo, 1
abiillnrt, 1
eilnovv, 1
cdeeeinrt, 1
cdeeeinrs, 1
aabdekry, 1
aeglrty, 3
eginnop, 7
eeelmnt, 2
degiiinnost, 1
ehmort, 48
ehllor, 2
dgilmnou, 1
elpt, 1
adegiinprs, 1
abceelrr, 1
dimn, 48
abbees, 4
aghinv, 31
aaerw, 11
eiprst, 4
aeeltz, 1
addefllruy, 4
fost, 10
ahlort, 1
abcehln, 1
ceessux, 1
efgiru, 5
elov, 20
efgirs, 1
elot, 2
dils, 6
elos, 15
elor, 1
dilo, 5
elop, 5
dilm, 3
ceens, 7
eghlnst, 1
aaegglnu, 3
aglrttuu, 2
abcehmr, 4
aeglrru, 1
foru, 20
ahmrtw, 5
dilw, 12
bceeijotv, 1
elry, 2
bdlooy, 3
diov, 1
abghmoru, 4
bcir, 2
acnrru, 1
aaffir, 3
elru, 4
aaeeprst, 2
ceeip, 3
amrsty, 1
ackrt, 3
acdeefhhiknr, 4
belortu, 9
dimosw, 6
abelostu, 3
acciilnortu, 1
eefillrw, 1
cdeiklt, 1
acefins, 1
dinw, 16
dint, 1
ceehk, 5
cdeikln, 1
acillnnotuy, 3
cdeehorstttu, 1
bcdeilm, 2
ceehn, 1
enorsw, 1
ceelnru, 1
ackss, 1
acefinn, 1
belorst, 2
ceehr, 4
aeegilntv, 1
aciltty, 1
acdeehpr, 1
ehilstw, 4
bcku, 73
ehllss, 5
diqu, 4
aderst, 7
ceekr, 2
belnost, 1
cceeeiimnnrss, 1
eiiinqrsu, 2
enortt, 2
acenoopss, 1
efinrrtuu, 4
aderry, 4
aderrw, 2
acllmy, 3
aeiimtt, 1
elss, 11
aaeinrrtv, 6
cceeisssuv, 1
aadeehqrrstu, 1
aeenorrs, 3
aeehitvww, 1
cgiklnpu, 1
eefillss, 1
diknr, 5
acdeehrs, 3
aeelmoqrrsu, 1
dikns, 1
bgiiklnn, 2
aeegilnrv, 1
giiknpps, 1
bdeginn, 4
aacehnsss, 1
aabcdeirr, 1
adfiilqsuy, 1
aceglns, 3
cennost, 4
aerrst, 2
abdefilmor, 5
acdelos, 1
bceeiilm, 1
bdeeorvyy, 1
ddeeen, 4
ddeeem, 1
bclu, 1
chiqstuy, 1
giiklnntw, 2
dirt, 1
adeilpt, 2
adeilps, 1
acllor, 8
acdelps, 4
adnry, 1
acdelpp, 1
adnrw, 5
agginprs, 3
adddeeehr, 1
ddeefn, 2
eelnps, 1
aceirrs, 3
acfloops, 2
eegrstu, 3
adeilst, 1
giillmnopry, 1
chnpu, 1
adnst, 11
bcos, 1
cdorsw, 4
agiilmnp, 1
aegrrt, 1
aegrrv, 1
aceelnrss, 1
bcehn, 8
adeeiilmmty, 9
ceefilnort, 2
emmrsu, 8
fgist, 1
adeeiimnnortt, 1
ahimnnu, 1
cdeikns, 1
hmotu, 20
ceefn, 18
cennott, 4
aahlnpst, 3
eehistv, 1
cddeopru, 4
bdgllou, 1
aejmsty, 18
ccklos, 1
acdelns, 2
aegrsz, 1
aaekw, 1
addeeeft, 1
adgilnzz, 1
bekor, 13
acdeegorrrs, 1
aekmrr, 1
adeilmp, 2
deiknw, 1
eeilosstw, 1
aekmrt, 2
acgijlno, 1
ddeein, 26
egrstz, 1
acdemmr, 2
aclls, 5
adimsy, 3
abdeorrw, 1
aerrt, 1
iopsu, 1
gioruv, 2
abdeorrs, 1
aaeffiimrtv, 1
efgiorsw, 1
hmptu, 3
eeeflrs, 1
aadefrrstw, 6
biiilopssty, 2
aerst, 9
eeiqrrsu, 2
adeills, 1
aersy, 43
eelmry, 7
aersw, 1
eejrs, 1
eimnnooptt, 1
aiorrtt, 1
aeehlmnw, 1
deikln, 2
aelpst, 1
giillnr, 1
aprsy, 1
belly, 2
giinrtw, 4
bells, 4
ddeegw, 1
deikll, 2
aertt, 1
aeoqrtu, 1
aprst, 5
ceeeirstv, 1
aefnnoort, 16
aertx, 1
gijno, 1
eefgiln, 11
aertw, 34
giillnw, 4
cginry, 4
aceeinpt, 2
ciinnstt, 2
aprty, 3
adeilnr, 4
aclor, 3
bcru, 1
aadeeepprr, 1
ceilmnoopx, 1
aclos, 1
ceeinnnotv, 2
ipssw, 1
efistty, 1
ipsst, 1
acdeeilt, 5
ehissw, 3
bhiosy, 2
abeefflrsu, 1
bcegimno, 2
aaegglnsu, 1
adoorwy, 10
deikrs, 1
afgilnpp, 1
ceenss, 1
eeklmmopsu, 1
cegghiimnnorstttu, 1
cenoorstuuu, 1
ddeemn, 1
aenorss, 5
cddhhiloo, 1
cdeilnppu, 1
cdiiinnostt, 3
aghinsw, 3
ceenrs, 1
aaegmnrs, 1
ceenrt, 7
aacdelnps, 1
ceenoptw, 5
aagllnt, 1
norst, 1
eghiinprsw, 1
aanruwy, 1
adhnostu, 6
eehllsy, 1
ddeenp, 3
know, 92
knot, 4
cdinssy, 1
ddeenw, 1
giinnnps, 1
aghinrs, 1
abdeegiilnrt, 1
agiimnnrtu, 1
aceeegnprt, 1
eopprrty, 1
deflloow, 19
cdeellmop, 2
aeelnrt, 1
aeelnrr, 1
beorrt, 1
aceeghnx, 3
eilnprst, 1
aeehnrstt, 1
begggin, 1
ddmuy, 1
deeimprtt, 1
afgilnot, 2
abbhilsy, 1
dnorrssuu, 1
ceeijors, 1
efmsu, 1
aabdeimnot, 1
ginoow, 1
bcilpu, 6
cdeeeprst, 1
dillwy, 1
abersst, 1
adeeggmou, 1
acfgiiiinnnst, 1
emssty, 2
ccddelnou, 2
cfiiilnnot, 1
acinosstw, 1
elppru, 2
aeinpstt, 1
bdemoosy, 4
aefhltu, 1
aeenopprt, 1
aamnoty, 1
adginnostu, 1
abrssy, 1
diinorsstuu, 1
cdeeeprstu, 2
adeeflrtt, 1
aainrstty, 1
deefnost, 1
ddeerr, 2
knsu, 2
abgggin, 1
deilmnss, 1
aceeeenprrsv, 1
abbginors, 2
cginopy, 3
deehikrsw, 1
acegil, 1
aaiinopprt, 4
aceinnoorstv, 6
aceghn, 12
acdden, 2
acceefiirstt, 1
aceghr, 4
ceeflrt, 2
eejlw, 1
bdddeeim, 1
dhmmruu, 1
aegiimn, 11
adeehllpsw, 1
adinstt, 5
adehllnouw, 1
aeglrvy, 6
abbeenorst, 1
aaccdeimnop, 5
adeeilprv, 1
ceeeirv, 1
cosst, 1
aimpr, 1
eeinrtty, 1
eehrst, 1
cddeemmno, 1
ceiprtu, 10
bciilptuy, 1
ahjno, 3
iintw, 1
aademnrst, 1
aeiprss, 1
aceklmoos, 1
cfgiinnnotu, 1
aeeeillnrrtvy, 1
abbnrsuu, 2
hirtty, 6
adeginss, 1
aefgitu, 1
deglnou, 2
acceennnotu, 5
addenopr, 1
aeiprtv, 5
acehiinssttu, 1
costt, 1
aemsss, 2
addeegilnnst, 1
aimss, 2
acegln, 4
acddin, 1
aeeeflrsstu, 1
eefhlrs, 9
acddegiorsu, 1
aadelnrstt, 1
acllops, 1
aiprs, 5
ceersst, 3
accdeenorst, 1
aaamnp, 1
ddehrsu, 1
aefinns, 1
adeehstux, 1
abghilnosvw, 2
abfhlsu, 1
bnottu, 3
diilqu, 2
accdhhrruy, 1
nnoort, 7
abehlmopssu, 1
bemnrsu, 1
abchikls, 1
gijnnoorsu, 1
cddeeepr, 1
cdeeegilnxy, 3
aalmnu, 2
hjnnoy, 2
acfgiimno, 1
flmnoruu, 2
aceennrt, 5
aeelnrtx, 1
acimnoopss, 1
ceefhikr, 1
aadorwy, 1
ccdeimrtu, 2
bder, 1
bden, 4
emno, 1
acimnprstu, 2
eemoprr, 1
abeknoprrw, 6
nnoopt, 1
aainrst, 1
cgiiknst, 5
gstu, 2
bdes, 1
bdet, 2
acceilmopst, 1
cdiinnoost, 1
ehhirt, 1
abcmot, 1
degnrtu, 1
ceefprt, 2
eeimrttxy, 1
afgls, 1
aabeeklmrr, 9
adeeprrtu, 1
ddeeinw, 1
aefinrr, 1
acehlst, 3
cehst, 13
eiinnnott, 4
adeggr, 2
deittw, 1
eginortw, 1
aacdehoppr, 1
eeimmosst, 8
ddenor, 1
aehippst, 1
aadt, 3
aehippss, 1
adeggj, 1
emov, 8
deeffor, 6
deegirv, 1
eeimmnoprstv, 1
cdffiiltu, 9
emos, 122
cddeeett, 1
emor, 130
acehlrs, 1
cdeor, 1
emop, 1
aiilmrty, 1
abeinoorsstv, 1
aeksst, 1
cdeeeptx, 12
bdeelss, 4
ailnps, 1
ailnpt, 1
abdeelmtt, 1
aintvy, 1
eeinqu, 1
addeeprt, 2
acdeirr, 8
ceefilry, 1
acegins, 1
aghirstt, 10
bdis, 1
ddeeily, 1
cderu, 3
dgiilns, 4
bdir, 5
acmnopy, 10
ddeeeilrv, 2
aabilmot, 2
agilnppy, 2
beekrs, 1
acfiiln, 1
adegin, 1
eeinrt, 4
aaer, 1
ejkrs, 1
eghorru, 1
ahmnu, 14
deirrst, 2
aaghlmn, 1
aafiillmry, 1
eeelmnsttt, 1
aeegnru, 1
aafgorr, 1
aaacccehiillrrstty, 1
aademz, 1
emtu, 3
eghillnw, 2
cehos, 3
eikllntw, 1
aademm, 1
deehlp, 2
ejkos, 1
acegiln, 1
acegilrrtuu, 1
adeemrst, 1
adeemrsu, 1
aabdelorrz, 3
ddeeirs, 2
abelnno, 1
ddensu, 5
dinsw, 3
ddeeirv, 1
aeeiilmprtvy, 1
emsw, 3
aagr, 1
bdeghhinoooru, 2
cdehkos, 4
emss, 1
eikllnuy, 1
acehlnn, 2
aeiilnotv, 1
cdeks, 1
emmnost, 2
cdeilmop, 1
amoott, 1
ddeeisv, 1
fghiilnorsu, 2
eghinrru, 1
aajr, 1
aceeilmnopttv, 1
aelqrru, 2
aabcceilmmrtuu, 1
deeilnrtu, 1
aabceilnp, 2
aabdnno, 1
fghilt, 6
cinossst, 2
bhiiinooprt, 1
cdeilnrsy, 1
aadepr, 1
cehpr, 2
hmoost, 7
bdlo, 2
cddefnnoou, 2
cdegiknot, 1
degnow, 1
acdeiln, 1
aejlosu, 1
cceillnoot, 3
acdeilm, 3
bdoy, 31
fgilny, 4
almost, 23
cehko, 1
cmmnoo, 11
aals, 3
adelrtt, 3
aehirst, 1
aceiopsttt, 1
filorsuuy, 1
bbeil, 1
aeehnooprr, 35
cceeillnoort, 1
almort, 2
aeeginottv, 1
ahhlrsy, 2
acddeeers, 1
ghortw, 1
epprsu, 8
deefnnostu, 1
chillnor, 1
ghilsst, 1
ceelrsuy, 1
cdeghou, 1
aacekns, 2
ceeeirsv, 1
aann, 2
agiinrrv, 1
ghnotu, 2
ceeeirsx, 2
ghiss, 2
eeeglnnsst, 1
ghist, 18
acfginny, 1
abceens, 3
ceelrsty, 1
cfkor, 3
egiknnnost, 1
ceiprrsstu, 1
adefnopr, 1
iinnos, 1
giimnotv, 1
ehmoosw, 5
cdeir, 36
ddeeentx, 2
accceilmop, 2
ghitt, 2
deemrttu, 2
aiilmnrttuu, 2
ghitw, 1
adeelost, 1
aeeilnntv, 1
acort, 1
ablor, 1
acehprsu, 1
deeginntx, 1
ghosst, 1
aailv, 1
ceoprss, 5
adeknrss, 11
ceoprru, 1
aadefr, 1
aaciinoosst, 1
belrstu, 1
aiinnnoostt, 1
cdeklo, 9
acost, 3
aegiiinnosttv, 1
mnoorsstu, 3
cgilnos, 3
cdhhiils, 1
ceijnooprst, 1
adddeemn, 2
ddeeenrr, 2
aadeiprs, 1
bcikr, 2
ijlsuu, 1
accdefinost, 1
addeeenorv, 1
aeensuv, 1
giilmpr, 1
aeghilmnns, 4
cdekor, 2
aadegm, 1
anosx, 2
adeeerrtt, 1
enrsuu, 1
eegiinnrstt, 3
beors, 3
cdellossu, 1
bcilm, 1
arty, 2
aaiimnnot, 2
bdloo, 9
kopy, 1
aeehmnnop, 1
ceiinnopst, 1
cehnos, 2
beosx, 3
eeersv, 2
cfmoorst, 1
bbcelor, 1
abdeeilprstu, 1
elnssu, 5
demnotu, 4
afklss, 1
adeeginnoruv, 3
ghostu, 6
inpst, 2
abinot, 2
abghiopry, 1
arsy, 2
koot, 48
ceoprtt, 2
adefry, 1
abceesu, 39
arst, 2
deeeinprrtt, 1
oprsu, 2
giilmns, 4
giinstt, 15
efgrsu, 2
bdeefllow, 2
demppu, 1
beeirrs, 1
eeiprssv, 1
dghlnoorst, 1
arvy, 1
jlow, 1
korw, 48
hlpsu, 1
adeftw, 1
aeeilnnttu, 3
ablls, 1
ceeorrsu, 2
achilpsy, 2
ghiinppw, 1
aorrz, 4
effort, 10
ceegiinrv, 1
aegrsss, 1
ablmy, 1
adrsy, 2
celnooss, 2
admnoy, 6
acehimpstty, 1
abinrs, 1
aeelmpx, 4
acknpu, 1
aghiinnosst, 2
aaelnpst, 9
efffiitvy, 1
iinnorstu, 1
abginossvx, 3
ilopst, 2
ginnprsu, 1
ginnoops, 1
acciimmnnootu, 3
arwy, 1
eiklly, 3
behorrt, 14
hoosst, 1
ceffios, 7
ceffior, 3
acnorstt, 4
aabilmy, 1
cddeeeiv, 1
aeeglmnnt, 22
ceiorsw, 1
adefil, 3
abefilltuuy, 2
ceeinssty, 3
abgmopsw, 1
acelpr, 2
beeorswy, 1
cehlost, 10
acelps, 3
bginnru, 2
cdektu, 1
adeeeknw, 2
belorstu, 2
aawy, 49
abdeelmm, 1
diosstuu, 1
aehilw, 6
eilopt, 1
eimrsy, 8
eimrst, 3
delmos, 6
acelss, 3
acelst, 2
cdeehrstt, 6
einoqstu, 11
acelsv, 1
deeiillmpr, 1
gnprsu, 1
gilmnoos, 1
ccellot, 1
eemss, 8
jluy, 2
ddeimnostu, 1
ehknnrsu, 1
fistw, 1
adirvz, 1
aaeilnnnpsvy, 1
bdeemsu, 1
aekrst, 2
ehjops, 2
beefint, 1
abbirt, 1
addeeenoruv, 2
adhosw, 3
cdeopru, 1
abddersw, 1
gilmnsu, 1
ehilrs, 1
abeellnruv, 1
ceffisu, 1
aderstt, 15
aeilry, 2
cgilnru, 1
egssu, 4
erssu, 1
bceinorsttu, 1
aceennsstu, 1
adeemnprtt, 2
adegilnos, 1
efgilnoorsvw, 1
adefmr, 1
aellmort, 1
cfinnostu, 1
aderssu, 1
aceltt, 4
cehnqu, 1
aabcilnns, 1
aceilpru, 7
ceeehs, 1
bcdeehitw, 1
aeilsy, 12
aeilsv, 1
deefgin, 1
ehilsw, 1
giltuy, 1
eilotv, 1
bijou, 1
fisst, 3
deeipss, 2
deeipst, 5
cefhnr, 6
eeenssstw, 4
ghhortu, 70
aaefiimnnostt, 1
aciipttvy, 1
aceffst, 1
ceinooprsss, 1
eiklns, 2
adfiry, 2
ailqtuy, 1
eiklnu, 1
accekrrs, 1
eemny, 5
befilry, 2
cddeeejt, 1
aehins, 47
egstu, 3
ceinooprstu, 1
booopstt, 3
ddeenorsu, 1
beglost, 1
doprs, 1
adeefnst, 1
aflorv, 1
aclmmnooty, 1
dopru, 4
aclmsuu, 1
been, 141
beiilmopss, 7
enno, 16
beef, 3
bhlmuy, 1
ccdeinopuu, 1
abby, 4
biklrsy, 3
aaiilnst, 1
ffooortty, 1
beer, 2
aagiiimnnot, 4
bees, 1
aciiilnnnost, 1
gghilssu, 1
giknorst, 1
iinosv, 2
aegimnst, 1
abetuy, 3
ddeennoru, 1
bchoor, 1
giinqrstu, 1
deglnorssu, 1
abnnno, 1
bkoos, 6
abdr, 6
enpt, 1
enps, 1
eenrtuv, 1
abdl, 1
acenos, 2
iiprsst, 11
begi, 1
aegimnrt, 1
eiiopstv, 2
abde, 2
eejrst, 1
eeeimnqrrtu, 1
eejrsy, 1
ceorsu, 23
ceorst, 1
ceorss, 3
agily, 3
ceorsv, 1
chir, 8
enot, 18
deeintv, 1
aersttu, 2
enos, 13
chin, 6
abck, 93
enop, 55
egglrstu, 2
aeilnrtv, 3
cceiopsu, 1
acceknquu, 1
abcs, 1
aersttt, 1
chit, 3
enov, 1
afissty, 2
enrt, 2
beil, 1
aeinns, 2
dehrsu, 9
dehrsw, 1
deegilnr, 2
bddgiin, 1
aaceirsst, 5
cdeersw, 2
adgnor, 1
adehil, 1
cdeersu, 3
abes, 2
aber, 9
abem, 1
deelmnopuy, 1
abel, 19
chko, 1
ahiimnrs, 1
bdiosuu, 2
abek, 1
ailors, 6
bddgoosy, 2
ailort, 2
addeeh, 19
abdeeeillrty, 1
acffgiiinot, 1
abet, 4
cdemoops, 2
eehlpr, 1
aeeeglt, 1
bcillpuy, 1
bdeeeemmrr, 8
entx, 28
entw, 59
entu, 1
celopsu, 1
eeginy, 1
aaegtwy, 1
addehs, 3
eeginn, 1
addehn, 4
eegins, 8
abgs, 1
ensw, 4
chmu, 70
aadghiinprsu, 1
enst, 8
abgn, 1
acenrv, 1
deisttw, 2
ahlls, 43
eflruu, 1
gilnrstu, 1
aadegitt, 2
ahnorrstw, 1
bcdeeirs, 2
ahiltw, 1
aceiptv, 1
envy, 1
eegmnst, 1
dksu, 1
aciimnsu, 1
elpst, 4
ekmpt, 1
ceijstu, 1
bdeeinot, 2
eehlsw, 3
eirrsv, 1
bioosuv, 4
adeelprs, 1
efgnoortt, 8
aeervw, 1
belosw, 1
deefghinrt, 1
belw, 1
belu, 13
chow, 7
aeiilnqu, 1
bell, 12
afilnty, 4
ceinprss, 1
eirrtw, 2
aceeilmnort, 1
eegnorsu, 3
adiloorst, 1
cdisssu, 1
aceenprrt, 2
beoy, 1
beor, 5
adeeelprty, 1
abll, 2
deflow, 1
aeprss, 1
giillnps, 1
adhorstuw, 1
cceeins, 2
dimst, 4
dgiinn, 1
aaginnostt, 1
bent, 9
abkn, 9
dgiinv, 1
beno, 3
ekmos, 8
eiloprsu, 1
acdeiinnoorsst, 2
aimrst, 1
aegstuv, 1
elpry, 2
abeklnt, 3
biiiiilnstvy, 1
aceefhnrrtu, 1
beefilnu, 1
bdilnu, 4
eimnoost, 1
ehpryz, 1
bfilmru, 1
deeirs, 8
bdilns, 1
deeirv, 2
cenorr, 20
aggiilnoops, 1
aaginst, 37
aainqsu, 1
deegklnow, 6
ddeeillps, 1
giknnott, 1
agginnor, 1
aaadeimnnt, 1
bcehrtu, 1
affhilltuy, 1
aegiknqsu, 1
ghiltty, 1
aadginrsu, 1
ahilnw, 1
cdlosu, 5
aeehrtvw, 11
clmsuy, 1
chsu, 72
deflty, 1
dksuy, 1
ggilnory, 1
best, 9
aagnp, 1
aacdgijllmtuy, 1
abellorty, 1
abot, 4
cmostu, 2
dellorst, 1
adeekmrr, 21
eehilosttu, 1
eeeehlnrsstv, 1
ceeenprs, 5
abry, 1
deeivw, 1
ffist, 7
cdhimnor, 1
bcdegiinrs, 1
adnnstu, 1
enrtuu, 1
ehillmw, 1
aenopsw, 2
bddelnotuuy, 1
astv, 5
iloqru, 1
asty, 9
aeglnprs, 1
eggsstu, 2
cdeeeffinr, 4
benoy, 1
cgiklno, 1
ffity, 6
acghmmorruu, 1
abkns, 1
adegrr, 2
iorvy, 1
assy, 13
einnrsw, 1
aceefilpr, 2
ghirt, 53
benor, 3
aeglnpss, 1
assw, 1
benos, 2
aabemostt, 2
ggggilno, 1
aeenrst, 2
asss, 1
aadfir, 12
cehimrsty, 1
cgnoo, 2
cehin, 2
ceinoppru, 1
oorrssw, 4
eeqrstu, 1
ceinntv, 5
enorsuv, 3
cdeeimos, 1
eeestt, 1
gilrs, 2
deeoprrt, 2
aaelnprrstuu, 2
bbego, 1
hlost, 1
acclmosu, 1
deeenosttw, 1
dginnopu, 2
acnst, 1
dginorsw, 1
aaceimr, 1
fhorstu, 1
aabbeilmno, 2
aempsttt, 3
deeisz, 8
afinnotu, 1
cdeeu, 2
lstu, 1
acceehirrttu, 1
cdeinot, 5
eegiintv, 1
affst, 2
aghilnpty, 1
ijno, 2
eelst, 6
ghimt, 65
inopt, 15
eeopru, 3
aceefllpuy, 3
giimnnoot, 1
eeoprs, 4
aacilprrtu, 9
dginnorw, 1
acceilmmor, 1
dhinoorssu, 1
ccilnnoossuuy, 1
afilnpu, 2
aeersv, 1
ghint, 97
abdeloru, 1
aellstt, 1
ellnuw, 2
inoor, 1
ehrssttu, 1
aswy, 8
jmpu, 5
acnno, 1
gilny, 7
gilnt, 1
deilpps, 3
eeluw, 1
deimssu, 1
deorrttu, 1
abkln, 4
ghilt, 40
aceeillnoptxy, 1
adeirssst, 1
adnrst, 1
aaccillnoosy, 4
bddefinor, 2
ellnsu, 1
aghiknnt, 2
aaffiimnort, 1
behorrst, 3
belott, 2
abceefnort, 2
cirstu, 1
aaelmnss, 1
eeilpst, 1
aceeillpsy, 10
adggginr, 3
eforz, 3
cirstt, 2
ddeeeimnrt, 6
aeeelmnrstv, 1
doost, 39
cehklors, 22
aeegilnrstv, 2
fglnu, 6
fhort, 8
hoorrr, 4
acemrs, 1
giknnostw, 3
ccdehiln, 1
aeegiinnnrtt, 1
egrty, 1
hillrs, 2
doors, 8
dooru, 5
ahlmnot, 1
cdeiorsstuy, 1
cceinoorrst, 1
eilprs, 1
aeginnors, 4
aceghinrtt, 2
aadhinpssu, 1
dginoprrtu, 1
aeimnt, 1
eemnprsu, 1
aeimnr, 5
eimrssst, 4
floorrsuw, 1
adeimnrru, 1
fhoos, 2
bceilpru, 1
adeglz, 1
acgimnopr, 2
aissst, 2
cdelmpru, 1
cdeehmnopr, 1
eelps, 21
adginrw, 6
ffijy, 1
adginrt, 1
accilru, 1
ccehilnor, 3
first, 67
aginr, 1
derss, 6
aoottt, 1
aceorrt, 1
cefhiims, 2
aeggilnrtu, 1
abcdegir, 1
cdeiiilnps, 2
aaeilmrt, 1
aeelmnss, 4
aeelmnsu, 1
deilmttuu, 2
chnotuu, 1
acegilnnnou, 1
ccenorst, 1
aeeilmns, 1
adegnw, 2
ceiprs, 1
acdeehoprr, 1
adegnr, 14
deehlnt, 1
aagiimnry, 1
eeiklnss, 1
aehnprt, 2
adelopst, 1
agnprs, 8
adeenry, 1
ehimrt, 1
aceeelnrssss, 1
aeimrs, 2
eelmm, 2
lprssuu, 1
aeehorstvw, 3
accdiinnoortt, 1
accilmo, 1
eelsssu, 4
adegilns, 2
eilpss, 1
aeghopprrss, 1
adegilnp, 1
aeehlstt, 1
beeorrsv, 1
cehlnsu, 1
bddeinrstuu, 1
aabdginnno, 1
eellv, 4
aacelmssst, 1
aehjpt, 1
eeflrru, 1
adeeelrs, 2
deghnorsu, 1
acceinnnoortt, 2
eopt, 3
eops, 1
eopp, 4
enorrtuv, 1
delnnoors, 1
acdi, 1
abeeilmstt, 1
ceimmooprs, 1
ccilnnoosu, 5
deeeenprrst, 2
beeinrsstt, 1
bdegimoorr, 1
acdr, 2
aadeelllnpru, 2
frsu, 2
aagiinott, 2
dllo, 1
deeimpt, 1
aeoopstt, 1
ghistt, 1
ddeissu, 1
cdeeginors, 2
eginopsx, 1
iiprst, 19
agginp, 2
afint, 4
ceeeiprv, 4
deiinnsstu, 1
eeilorrstu, 1
aaaffghinnst, 1
agginz, 2
admrstu, 1
bffu, 1
dllu, 10
deffhlsu, 1
eorw, 6
dlou, 13
eorv, 126
acdehillmoty, 1
dlot, 23
eort, 5
dlos, 1
eors, 11
dlor, 8
acfl, 1
aeflm, 5
cilo, 1
iinossv, 2
deeefrtt, 2
aefls, 5
ekooprv, 1
dorss, 1
eeiprx, 1
agillnrsuy, 1
acft, 16
dnopu, 1
dorsw, 32
adeehhinstuww, 1
ciks, 3
acep, 7
aglss, 15
aefmr, 4
ahlrsy, 3
acer, 20
cikp, 1
acem, 62
cikk, 2
aceh, 21
cikl, 6
cdlnou, 12
efginor, 1
aeginrvw, 2
acef, 64
aaegimnz, 1
elorsst, 2
aacgillrty, 1
aces, 20
adderss, 12
achs, 1
acht, 1
aabcdkrw, 3
adhrstuy, 3
achp, 6
defmor, 3
cghiiklnopttt, 1
cino, 4
ehpssu, 1
acnnostt, 3
cdenors, 1
abeflrtu, 1
bceeehiilmnnoprs, 1
cdenorw, 1
eilpprs, 1
eosw, 3
eflsuu, 3
airst, 1
eemmnotv, 4
airsu, 1
abeegint, 1
eost, 1
mooorrtw, 3
ceeirssv, 5
ceffor, 1
aeelprssu, 1
deejkr, 1
deisstu, 1
aceehhirrs, 1
agiklnnr, 1
aaddeeipprs, 9
eehllpss, 2
aglno, 19
hiknops, 2
ghisst, 1
cefflsu, 1
billy, 2
ghoorsstty, 1
ainrst, 3
adehmnos, 3
acjk, 1
cdmnnorsuu, 1
accdeklr, 1
cdeorss, 5
cehinrss, 1
aeghlrtu, 9
ccddeeesu, 3
bills, 1
abchkoop, 1
ehnnorrt, 4
aeggginn, 1
afiln, 3
ciov, 1
aeeehmrrrtwy, 12
abdnry, 1
cdeeginopr, 1
iistv, 7
afilr, 1
aefir, 1
aeginrrs, 1
eehinrt, 5
aacfinorssttuy, 1
aceklt, 1
aeeglnt, 1
acdegln, 7
bilms, 3
aeeglnr, 9
acly, 9
ehoptt, 1
dluy, 1
accinoopstu, 2
aclo, 2
addeinor, 1
cceginnnor, 7
aclm, 9
acll, 20
eilllsssty, 1
beinsssu, 53
blmoosss, 1
gopru, 1
aefrst, 1
aeeginnort, 1
ceeehirst, 1
flosty, 3
ceehinnort, 1
ackr, 1
ackt, 1
acks, 1
ackm, 1
ackp, 2
giimmnsw, 3
aeqrsu, 13
ackl, 3
cchhru, 12
adorru, 2
egimnnoorry, 1
abcgikn, 2
bceehns, 2
aeeegrttz, 1
ceeginprst, 1
cdeekoorstv, 1
deegnnoru, 1
city, 16
aahpstwy, 1
giimmnrt, 1
eeilopprssvy, 1
aeeelstv, 2
eirsst, 20
abilru, 1
adnoru, 16
ccdeeilnr, 1
aceelmnoptt, 1
acmp, 1
dipstu, 1
acmopss, 1
adortw, 6
acdeghn, 5
bdeegilu, 1
ilpptu, 1
eflorwy, 1
beegiill, 2
denrssu, 1
bdeegiln, 2
eirstw, 2
defhiinprs, 3
acehinrru, 2
eillnssst, 1
bfgilmnu, 2
acps, 3
beghiiintx, 1
ademssu, 2
adelpps, 2
addimno, 1
deeelpprx, 2
ciijnnnotu, 1
eeginqsuz, 1
ggilnnou, 3
aaglwy, 1
acot, 16
acos, 1
aehippr, 1
accdinortt, 2
accinooptu, 1
bgiint, 2
addeeilpss, 1
ggilnnpu, 1
adeehrstt, 1
acrz, 1
aadilmort, 1
efginrs, 13
acrs, 1
acrr, 1
eemnoos, 8
ceinnotu, 4
eemorrs, 1
deeersv, 1
acdemopss, 1
adeelmnr, 1
aeefmnors, 1
abhist, 2
delmpru, 1
adiilnty, 1
aeilssz, 1
eelmrtz, 1
eeegqquu, 4
aciinnot, 1
deeprsu, 1
alnpst, 1
aaabbcnrs, 1
eeenorvy, 2
deeprss, 4
aciklmn, 1
deeertx, 1
elsty, 1
aadefghnrrt, 3
ccesssu, 8
ghinsttu, 2
cfimnnnooorst, 1
ghiinrrw, 2
aeghinrstv, 1
ehilost, 1
acdfinnot, 1
acdgilns, 1
iklm, 9
hiorsty, 11
dfgilno, 1
ikll, 4
illty, 1
aenprtt, 1
ikln, 3
ddmnruu, 1
aiillnnortuvy, 4
ikls, 4
ceimnopsstuv, 1
hiirs, 12
cdhil, 15
ceklr, 49
acst, 1
addeimtt, 1
illst, 65
acdeelpr, 1
ikkn, 1
illsy, 2
dnossu, 4
beiilsv, 3
deegs, 5
aceegllou, 1
ceiiinsv, 2
deefiiinnt, 1
cdeikk, 2
cdeikp, 5
adeeeiimnrtt, 1
iknp, 2
ikns, 7
aenprrt, 7
ggiinv, 8
eerttux, 2
deegr, 1
acceelpst, 1
deefr, 2
adefgiirt, 2
deeehlmorvw, 1
dhnou, 1
acdffhnsu, 1
ccehk, 1
adeeimnrr, 1
aenprst, 17
illqu, 1
giiilnntvy, 1
ghnruy, 2
giprss, 1
effllow, 1
deegnorss, 1
aceilnnnoss, 1
prtuy, 1
cefgiiklnr, 1
ikps, 1
adehisst, 1
ceeeenrrv, 1
ceopprst, 3
einorsv, 1
aadeglmn, 1
imost, 1
cehrstt, 3
giinqttu, 1
ceinnnoostv, 1
amnow, 35
ghhosttu, 9
einoprtu, 1
ceeijor, 1
aceilnnnott, 1
einortu, 2
aeeilnpst, 1
acilntu, 2
cdiilorsuu, 1
acdeellr, 1
afhoopstt, 1
amnor, 1
efrtuu, 7
ellowy, 6
egghiiinnstux, 1
bceprsttuu, 1
eeinssstw, 1
cdeekpru, 1
abcdeeilnors, 9
ghiinrtw, 1
cdehnpu, 1
bdnos, 1
bdnou, 14
addeimsy, 1
demrru, 2
ghiillns, 5
abehimno, 3
ggino, 32
ikrs, 3
ellovy, 6
adeektw, 1
ffgilnnsu, 1
bcklo, 2
bceemo, 13
giiklnn, 1
einoprrs, 1
ddehnrsu, 3
aceeinoorrsstv, 1
addeimrs, 1
inrsu, 1
cdeeijnt, 1
illms, 1
aceprtu, 1
abnrw, 1
acchilot, 1
eflorsw, 2
eeilnpsss, 1
beeklmosu, 1
cdeiilosu, 1
cdeiilost, 1
aefrt, 72
aehnort, 28
aefrs, 2
acdefiilnnot, 1
adggilnn, 4
accdemostu, 5
aefilru, 3
ghlou, 1
giorv, 1
ckluy, 1
ehinrs, 1
aaeegmnnrrst, 1
ccehhrsu, 1
adeeknw, 1
aginnrsw, 1
cdeeijor, 1
dehilrw, 1
aeeglsu, 1
aelstt, 2
aefst, 2
aeghlnnor, 1
deeeenstw, 2
deoprstu, 3
aceennrssuy, 1
dnouw, 2
eggiilnrtt, 2
eefnqrtu, 1
ceiotx, 1
delosv, 2
fgors, 1
ceeginors, 1
bbginos, 1
ghhottu, 69
agghsy, 3
adimprsy, 1
deilors, 1
addeeimnoprt, 1
hhsu, 1
cdenotu, 1
hkoos, 9
deloru, 1
dekloo, 50
cdeirs, 1
cdeirt, 4
hlmnoty, 1
einnost, 1
ceghinnrw, 2
bcdemnou, 1
aginoosttt, 1
eopprsu, 10
cdenoss, 1
eopprst, 1
aeeglry, 3
dehilss, 1
aalnrtu, 1
behssu, 1
fgoort, 1
aeeinrst, 1
eikntt, 1
lossu, 1
dnoru, 54
adeeeimnrsttv, 13
aagnrstv, 1
aefor, 2
ddruy, 3
bdeehiitx, 1
ggilnow, 1
eehkmopprt, 2
adeiimtt, 1
ceiopr, 1
ceiops, 1
cdeeenptux, 1
ceiopt, 1
aelsuv, 1
egiinrtty, 2
cdeiop, 1
acefhlloprruy, 1
adde, 27
acehiintttuy, 1
biltu, 5
losuy, 1
ahnooprs, 3
egiinrttt, 1
deeghiw, 2
ceiosv, 9
cghiint, 1
fssu, 1
ceiilnppr, 1
deklsu, 1
aaegimrr, 7
aelsvy, 1
ceffio, 18
cdeinu, 2
aekpss, 3
bhirt, 2
dnosu, 21
aeehorssuw, 2
bbginru, 2
dnosuw, 1
lostu, 1
efhrrtu, 6
eeilnors, 1
ceiilnpprs, 2
eillopty, 1
epru, 3
aacemnrst, 1
dmoo, 5
aeellrrstv, 2
aeehv, 1
acefiostu, 1
efgiorv, 2
beehrw, 1
aceimnoprt, 4
epry, 1
adfs, 1
adem, 68
adeeflntt, 1
adel, 16
adeg, 2
adef, 1
adei, 17
abceflmoort, 2
adeh, 85
afhls, 3
cekklnsu, 1
adegiimn, 2
acdehtw, 6
eehnpw, 13
dfghioss, 1
abglrrsu, 1
adew, 1
abeehnt, 7
ades, 1
ehhiloopprs, 1
ader, 53
adet, 2
adhr, 25
eptw, 1
giklnnowy, 1
adhs, 1
adhn, 66
aiinnortu, 1
cddeeginns, 2
elopprry, 3
adeeflrt, 1
aahkmotw, 8
cenorstu, 1
aeefllrw, 2
aacrtv, 1
moorrw, 10
ceessx, 1
gillnor, 5
biknr, 1
deeilpr, 12
epst, 10
adgl, 7
eilqtuy, 14
ceenoopst, 1
aabcdiillloy, 1
aanrtt, 1
aaceinssst, 1
beeenorstt, 1
aberst, 5
aeelnopt, 1
cflnorsu, 1
aillnqrtuy, 1
adgu, 1
aaepprs, 2
aaepprt, 6
abeehilmnsstt, 1
beeorsstv, 1
aciloprt, 1
acelmr, 1
deeginrs, 1
egimnrry, 1
ciiilmpsty, 1
ainsst, 1
aceeghlorstv, 2
abclno, 1
acggiint, 3
josstu, 2
cgiinnoprs, 1
eeilrsu, 2
adis, 413
dmru, 2
hrruy, 4
dffgiinsu, 1
adip, 10
acellr, 16
aberuy, 1
ceitw, 13
adim, 8
adil, 11
einoopssss, 2
eglnor, 11
ailmny, 1
acdehpt, 1
aeilrwy, 1
abeehrt, 1
adlu, 1
acfort, 2
aceinrt, 3
abcehllott, 2
adln, 18
dddeehrsu, 1
adlo, 1
aehhlty, 2
eeginnsv, 3
adefgg, 1
acdehmr, 1
cinrstuy, 1
eegkrs, 3
adly, 17
adglly, 1
aabciinnrt, 2
acelns, 2
efinorrst, 1
acelnt, 1
adkr, 41
aeegr, 5
adehmorw, 2
adkn, 1
degnorw, 1
ailmpr, 1
accdeennst, 1
eeginnrt, 6
acdehnt, 1
acelnu, 1
cehhlooossu, 1
aabegiilmnnu, 1
flloy, 1
adnw, 1
ainostt, 5
afhsst, 1
diipsttuy, 1
abceeflmnnoorsstu, 1
adns, 4
accenst, 1
eenprsst, 1
fgillnoow, 6
eemopssttuu, 3
agiilpt, 3
deeenprst, 7
aeeprt, 1
fmors, 3
aiilnqrttuy, 1
eglnty, 6
aegghinrt, 3
dginy, 7
eenprstv, 1
deelorsv, 6
ceefilnnu, 6
abnnnos, 1
celnoos, 1
admn, 5
deehhprss, 1
ccdgilnnou, 1
admp, 4
ceipr, 6
ceefllprstuy, 2
aepprs, 6
adhhiprs, 1
deeenprtv, 1
dgino, 10
beeemmrrs, 1
ghinrruy, 3
dginr, 1
aeoprrstt, 1
giinpprt, 2
aeilrty, 3
agilnrstt, 1
aceinnt, 4
aaberst, 1
fgghiint, 2
cddeinu, 1
eirtuv, 2
agiilns, 1
aefgilnrt, 1
ceeilpss, 1
agiilnw, 1
beefinst, 1
adoorswy, 1
bddeeis, 1
aefiilms, 2
bceegir, 1
fhiins, 2
ghilnruy, 1
cdehlot, 1
aeeghlprt, 2
aemnnort, 1
emmnot, 41
ddeiimsss, 2
bgru, 1
ainosux, 4
ceirs, 3
ados, 1
afillny, 14
ador, 7
defnru, 1
illmptuy, 1
ijmnops, 1
aefsty, 5
chkssu, 1
ceinnnot, 3
defnoortu, 2
aacdginnv, 2
ghortuw, 1
cdfnnoou, 1
aehhistww, 8
adrw, 4
adry, 7
adrt, 1
adrs, 1
ceimn, 1
ablsw, 1
ekopr, 1
ekops, 18
ceimr, 5
acegiinnrs, 1
elrsu, 2
elrsstu, 1
acdinors, 1
cceinost, 1
efggior, 1
achimos, 2
ceesux, 10
cenooqrru, 1
aaegsv, 5
ceils, 2
bceeeelnnov, 2
eehiorstw, 4
ceilv, 2
acdeeimmnnoort, 1
ceoppr, 1
acddeef, 1
illy, 2
aacelps, 1
ceiov, 52
illm, 1
cdeeginpr, 3
aadglnr, 1
illt, 20
ills, 2
abelmrs, 3
illw, 148
adsy, 17
fgiilnrt, 3
ccddenotu, 4
elrru, 3
enrrstu, 2
ceins, 14
bddeeln, 1
aacderttt, 4
ejlly, 1
abcdelmrs, 2
cdeillot, 1
aegnrrst, 20
anpsy, 2
eefloprsu, 1
emmmru, 2
aellquy, 2
gimnnors, 3
gimnnoru, 1
acgiinnnot, 1
cloorsu, 1
aajnv, 1
ilnt, 1
krtu, 1
deehmorst, 1
aehhrt, 1
egiilnv, 1
beghinorsu, 1
ceemnory, 1
accept, 1
bdelmstu, 1
adeenr, 1
ilmp, 2
ilms, 1
aabbhst, 2
accesu, 1
adeeinrstt, 1
aaistw, 1
cddeeu, 6
ginvy, 1
ilps, 18
aeehhhinst, 1
cddeei, 1
aceeennstv, 1
deimnoot, 2
fiottu, 1
ghiinssw, 1
effrsu, 6
aehhiinstww, 1
ceelrtu, 1
deeiissw, 1
hill, 4
acceelmnnot, 1
aeiillnqrstu, 1
belmtu, 1
ffghilrtu, 2
hknsu, 2
beeeilv, 15
prssu, 1
ginty, 1
fimnor, 1
aceeefrr, 1
einprsst, 1
adeeltx, 2
abcdeemr, 1
adeest, 5
agiinnpt, 2
adghins, 1
aaccddenrs, 1
dekmos, 1
ceeennst, 2
eeeilnpsss, 1
eeeimnrrtt, 1
cegoors, 127
abccoot, 4
ccinnoorsttu, 1
beehrty, 1
bceeloorrttu, 1
acdeegklnosw, 1
aeiirrst, 1
adeerr, 3
cdeiilostu, 1
hint, 10
deffnsu, 1
belmru, 3
cghosu, 1
aaccfiiilrs, 1
opsst, 1
aeevw, 3
acenpttuu, 1
aajlp, 1
acprs, 1
aostt, 1
ginrs, 1
beehrwy, 1
nnsuy, 2
imnor, 1
bdeeorsv, 16
ggghinrsu, 1
bdeeorst, 1
cdehmnu, 2
aabborrsu, 1
acderstt, 1
lmopprty, 3
ceinoprst, 1
ceinoprsv, 1
ginsw, 9
aaegmn, 2
ginss, 6
ginst, 1
ginsu, 4
cegiinnoort, 1
hips, 16
ilst, 3
agiinnst, 1
aafiilmr, 6
eggorr, 85
eensv, 27
eenss, 10
bdgiilnu, 7
hist, 291
chiklmost, 3
adeelps, 4
hisw, 21
aaderrtww, 2
adeegr, 1
aacfinstt, 2
ddeiopss, 1
cehkoy, 2
aaahknrst, 1
aeginpsty, 1
aegilnnr, 2
eilopstuy, 1
eenrv, 85
deilnsw, 1
eenrw, 1
accehn, 11
eenrt, 6
ddeioprv, 2
eenrs, 1
abdeehilsst, 1
eoppssu, 12
adeefr, 2
eilrvy, 1
cdeiilpss, 1
aeers, 1
aaillmnoprtt, 2
abdeost, 1
cdeeimnnstu, 1
beegilmnrs, 1
deilnps, 1
bdeenorsuv, 1
ghiilmty, 2
adeelrx, 1
adeelrt, 3
behrst, 1
adeelrs, 2
aeirtvy, 1
eilrsv, 6
aeest, 1
acekpt, 2
adeehv, 1
ceiosty, 2
eentv, 4
adgilnu, 2
dinoors, 1
hitw, 551
deeefprrr, 1
adgilnr, 1
abehrst, 1
aegillnqrru, 1
adeeht, 1
adgilnn, 3
acdgghiinrs, 1
aeehnsv, 3
adeehp, 3
aeghimnrt, 3
ceegimnnoprs, 1
cdeeijprsu, 2
ghhotu, 48
kloos, 2
deginnorsu, 1
flloosw, 1
cdehko, 5
bcdeeiprrssu, 1
aeelv, 10
aeefhrt, 2
hiwz, 1
egiinrstu, 1
gillmooy, 2
eelrrvy, 1
adddeerss, 3
ceinot, 7
ckkno, 6
adegrrs, 1
ccdehklu, 3
adeelmr, 1
giilnv, 8
eginnrrtu, 2
eeehnrvw, 8
giilnp, 1
acdeeilmx, 3
ghiprtu, 7
aegnrsstt, 1
aeent, 1
hinoorz, 1
cklo, 7
aaccdelltu, 1
eenqu, 3
aachilpst, 1
adeelnr, 2
aghmnoopr, 1
abbhsy, 5
aefs, 5
aefr, 14
dnow, 141
dnou, 1
aeft, 4
iinooopprst, 1
aderrsw, 4
ddeelopr, 1
cdiillorsuuy, 2
aehhlt, 2
gimnnor, 46
accent, 3
cghiilln, 1
adeelp, 2
adegrty, 1
adeeln, 6
ceinpr, 3
adeelv, 1
acpprsy, 1
adeelr, 1
aees, 4
aehp, 2
ahilppy, 1
aehr, 36
eelorsv, 2
chittw, 1
aehnv, 2
bdeehl, 2
adeks, 65
eeghnnrstt, 1
aeinooprt, 3
einquu, 3
accdeint, 1
adegiknnrtu, 5
deefiirrt, 1
eimnrv, 2
aeht, 4
acdeemn, 2
aehv, 364
aegp, 3
adeln, 2
aegr, 3
gghiins, 4
aegl, 1
aeemnptv, 7
aegm, 3
eeimnrssttw, 1
adely, 2
adelr, 13
fiilttuy, 1
beeirrtt, 1
aegw, 1
aegz, 6
moors, 8
aegt, 7
aegs, 3
aegv, 21
aehps, 4
ademr, 7
adeillmrt, 1
aejn, 1
ademn, 2
gimnotu, 1
accdeily, 3
ceepprsu, 1
deflnoruw, 9
adekmr, 4
adekms, 2
adekly, 1
adefilmn, 1
aceltxy, 6
adeklw, 24
acddeentuu, 1
bghinrsu, 1
ckor, 5
ckoo, 3
eeqru, 2
eelorstu, 3
chikooptt, 2
acdeelr, 2
diknrs, 2
moott, 1
aadennrrtuw, 1
acdklops, 1
aelt, 21
aelv, 1
aelp, 5
bhot, 22
aels, 5
aelr, 6
afltuy, 1
adegr, 1
aelm, 5
aeln, 6
agnps, 1
iimnooss, 1
deilmnprtuy, 1
emnoorsu, 3
ceilnps, 1
ailrwy, 1
adegz, 7
almrsty, 1
aaginorstv, 2
ddeeinst, 2
adeeiimmt, 3
aelz, 2
aekt, 37
gghiilnnt, 1
aeks, 8
adehl, 1
eeelmnst, 1
adelnst, 1
eilrtty, 1
aekl, 2
adehs, 26
adehr, 49
aehks, 2
eghhist, 4
agllmopsw, 1
cenrrtu, 2
adeht, 17
aegiinprr, 1
aekm, 62
afknr, 1
ghilnstu, 2
bghit, 1
aekw, 8
aenw, 2
aenr, 26
dnorrsuu, 3
aent, 1
agnry, 4
adeis, 9
aehlw, 15
aenp, 1
adeiu, 1
aaadegntv, 6
agnrt, 2
acdeilttuv, 2
eelssv, 8
egiilnnst, 5
eimntu, 10
aelstty, 3
gnouy, 26
deeilnst, 7
adekqu, 1
cehiknt, 5
cksu, 1
aemt, 3
aems, 36
dgiimnoss, 1
aemn, 55
ehitw, 36
agnsw, 2
aehms, 1
acckrs, 1
einprrttu, 1
aehnpp, 8
aacmnst, 1
acdeehr, 14
diknnu, 1
aeilnort, 5
eefnrtv, 2
eeginnu, 1
deeilntt, 1
acgghinn, 1
eeginns, 1
achiimnoprst, 1
eelstt, 3
celnoy, 1
eeginnv, 14
bgiilnrst, 1
fghiinst, 1
aept, 1
ddeeoprw, 1
eiltt, 2
adelnpt, 1
deginnopr, 1
achirs, 2
ailrst, 1
aadeilss, 1
agiikllnnoop, 1
flouw, 2
ehirt, 131
afginry, 1
acdlnost, 3
inoopprttuy, 3
deeoopprtv, 1
ddeeinnt, 2
aabdorrst, 1
aacdeilpttu, 1
cnorsw, 2
ghiinns, 3
aabdeemrrss, 1
abddeeht, 2
aerw, 7
bdelmmu, 1
aery, 15
aers, 5
aerr, 5
aagiiknnpst, 1
aert, 3
deginoruv, 1
eilrv, 2
aenoss, 4
abceeiillnpx, 2
aghhoopprt, 22
deginnorw, 2
aehht, 2
deelmopy, 3
flosw, 1
dfgiinn, 4
aeeiinnoprrttt, 1
eilss, 1
eilst, 1
eilsv, 4
agnor, 2
afkln, 1
accceimnrstu, 3
deilosstu, 1
eenoprss, 1
gnorw, 11
agnoy, 3
accdeinst, 1
deelnrty, 1
ddehnru, 10
bdeelt, 1
eilpr, 1
eilps, 1
ginopprsu, 1
agmmnoor, 1
celsu, 1
adeehistt, 1
gnoor, 1
aadinoort, 1
ccceeinnos, 4
abbelopr, 2
dfins, 1
aagillnpp, 1
aesx, 7
fklos, 1
aesy, 9
bcginorsu, 1
abddeegg, 1
agilnprsw, 2
aest, 7
aess, 11
aesv, 14
aagiknw, 1
aellmorsuv, 6
cdenorstu, 1
aabdeehrrt, 2
ceeeegimnrs, 1
bcektu, 3
gorss, 1
eeprssx, 1
aeeennrssst, 1
cdeekkknno, 1
deenrrtu, 20
adelnnp, 2
aeefnrsst, 1
ceiknsss, 2
eilnn, 2
adgiimnrs, 1
eprtty, 7
eilns, 5
aabcdeln, 1
dehmot, 2
aanwyy, 3
acdnnu, 7
floor, 21
floos, 4
biinoort, 1
imny, 1
aceemorv, 2
ciiopsssuu, 6
ainnstt, 18
eflmsy, 39
ghiinsw, 2
bdeeis, 9
bdeeil, 1
ehilt, 1
aghinorrw, 1
ehilw, 51
cgghinou, 1
egimnnortt, 1
cdeiiinnorst, 1
ghiinss, 3
acehlmoorsst, 2
degiu, 1
adeilttu, 1
defgor, 1
ceehims, 1
oosty, 1
acceiimmnotuv, 1
belmrstu, 1
deeopssss, 4
imps, 1
eelnprsty, 16
abefhl, 2
bcmru, 1
ghiintt, 1
degir, 2
aeprssst, 1
eeiinsstv, 2
abddeest, 1
abdeiorsw, 1
bdelmtu, 1
efnryz, 1
ceehilv, 1
aailprssy, 1
aehlssss, 1
adeeiss, 2
cddeinotu, 2
eeflnsssuu, 1
ekloor, 1
aaeklop, 1
acilos, 1
abeeflln, 1
aaelrt, 1
ailorss, 9
ginoppssu, 1
achill, 2
giloorsu, 3
cdeefnoss, 1
degippr, 1
aeimmnopt, 1
ekloost, 1
abhilmntu, 2
bdostu, 1
deeepst, 3
degju, 4
abeehrst, 1
behilmt, 1
deeppst, 10
aeiimntt, 3
acinrtu, 1
ceehins, 1
cegorrs, 1
eirstuv, 1
cemry, 2
hjno, 12
aaeellnrtty, 1
acdiiinnot, 1
ansuy, 1
aiiimnooprsstv, 1
achins, 2
aacdelnr, 1
eghiinrsv, 1
addeginnnrstu, 3
egilrstt, 1
abddeenr, 1
almor, 2
aemrsstt, 3
bdelmoo, 1
delnorsy, 1
ilntu, 27
eillnsty, 3
ehinors, 1
afginnn, 1
cgilnnnuy, 1
almpy, 1
densttu, 1
ghimty, 6
adhllno, 1
almps, 5
cddeeiln, 1
ampst, 1
aenors, 17
adhirtww, 1
imst, 4
imss, 8
imsw, 1
adeginprsu, 2
aadkrww, 1
aabcmn, 2
cdeepsstu, 2
cemor, 1
dginoopr, 1
crstu, 1
acdeilmopr, 1
cemos, 9
aghmoorr, 1
cfginnnoort, 1
accinooss, 1
acceenptxy, 1
deelnoprux, 1
ciimtv, 2
aenopw, 2
bilmny, 2
aamss, 6
ccehiost, 1
cdeorr, 3
cdeors, 1
aacfinr, 1
acdeenrt, 1
eegiilprv, 2
bdeeostw, 4
eeinortx, 1
gijmnpu, 2
eimnstu, 17
adesv, 5
aehvy, 17
acdmmno, 1
airssu, 1
airsst, 9
aamprrst, 1
adesy, 35
denoow, 6
deorrs, 5
acdeinnot, 1
ddeeerst, 3
effginrsu, 4
eiinrsst, 1
ddenosu, 4
achiisv, 1
aegnorss, 1
ceeitx, 1
eeginpr, 2
aceeeilmnpt, 2
eeginpp, 1
airstt, 5
cddeeipt, 1
hprrsuy, 6
efgginortt, 1
bdegooy, 4
ilnos, 2
eeginpw, 2
hiknt, 52
bberru, 3
adfhlnu, 2
aceeglrss, 1
bdehrsu, 1
aeefmnorrsy, 2
adeeimnoprst, 1
deinsty, 1
acegimnrs, 1
eeeennsst, 1
aeirstt, 1
lmoos, 1
bdeflmu, 1
addehlmpssu, 1
aceerrsty, 1
eginor, 4
ffnsu, 3
acggilnn, 5
aceerrstu, 6
anstw, 6
adevw, 4
giiknns, 1
aceinrtty, 1
aaddeehpst, 1
cdeenostt, 1
adeflot, 7
aeeilrrttu, 1
eeeennstv, 1
elnost, 2
elnoss, 1
aabeiilnrv, 1
eeginrv, 1
acegginnoru, 1
giiknnw, 2
ddenorw, 3
eiorssu, 8
cefghint, 1
eiorsst, 2
efhirss, 1
ddenoru, 1
aehrt, 40
door, 102
aehrs, 4
aeginnrsw, 1
aeinoorrstt, 1
adeefinrr, 1
aaadelmmr, 1
aceeillnrsuv, 1
ghnot, 1
eimnno, 1
doow, 2
aceinoprtu, 2
eeelssv, 2
biis, 1
denorw, 8
aehsv, 1
aehss, 6
deefginnu, 1
eeilnnsst, 1
aehst, 5
ceeipr, 1
acceiprt, 5
aeikmsst, 1
ceeips, 2
elpuzz, 1
einoqsstu, 4
adepv, 2
abeirrz, 3
denory, 2
eeeiprssvx, 2
ailmmort, 3
acdeert, 1
gilnnuzz, 1
ellrssu, 1
ertu, 15
afhl, 48
aacdefinst, 1
inopst, 3
ceeilns, 12
fgilnow, 1
aginostt, 1
gimnopp, 1
ahimntuy, 1
prsu, 4
fgilnoo, 2
oopr, 34
beghinors, 1
ahopst, 1
adeeinprsst, 1
erty, 1
addeopt, 2
aceehpst, 1
eginsu, 1
ersu, 25
erst, 19
adert, 6
dopr, 6
aacdehinrstu, 1
beemnorv, 1
aders, 1
aacfir, 1
adery, 18
deorst, 3
abcehmrs, 3
deorsu, 1
eefnortu, 2
aginnpps, 2
abeirtv, 1
acdeepr, 1
acdeeps, 2
cdefilnnoty, 1
aadilwy, 2
behilorr, 3
aceehprr, 2
eginrs, 2
aadeeppr, 17
bceemos, 3
aeglm, 1
abdelst, 1
aegln, 8
aegll, 2
aeikmst, 3
addiv, 2
cdostuy, 1
aegls, 2
aeglr, 19
ahnopsst, 1
abbost, 1
oort, 1
aeirrv, 3
acdorw, 2
eimotv, 2
ddeghinrsu, 1
ervy, 135
eruv, 1
dort, 1
afir, 9
afil, 6
addeglruy, 1
cloo, 2
afin, 2
abhorru, 2
bill, 4
aceilst, 1
defioprt, 2
aelssst, 2
deetw, 1
celmoy, 1
aceeimnqrtu, 1
dorw, 26
aflt, 5
aegnr, 1
deelstt, 3
beggilnno, 3
aceilrt, 1
aflo, 4
dgikmno, 2
efghiilrt, 1
afll, 9
aaegpss, 8
diimnnoo, 1
bdeeirs, 1
aegnt, 7
bimrs, 1
deewy, 1
adeenoruv, 3
acdenosvy, 1
bdgiinn, 1
bdeeiss, 14
ceeeimnn, 1
bddeirstu, 3
glnsuy, 1
iiprsstu, 1
addeeknr, 1
aginnort, 1
deevx, 1
eehmnnnoop, 1
adelnp, 1
elmosuv, 1
eghinorv, 1
acdeeklns, 1
bnnottuu, 1
bchlooossy, 1
aistw, 3
cdeilrty, 1
addef, 7
aadhilly, 1
acehimn, 1
deeepppr, 1
adder, 2
bdellooss, 1
aeeggnos, 1
aefimn, 2
agmno, 22
ceinosst, 1
addet, 1
cdeenovy, 3
egilntt, 1
aegim, 7
adelpy, 3
afmr, 1
bdeeimt, 1
acehilm, 1
aegir, 1
ahprs, 7
adiloorstu, 1
forsty, 2
aeilnnrt, 1
adeeegrw, 2
aeqrssu, 6
eillvy, 3
deeps, 1
eegginrst, 1
aclmoru, 1
bist, 1
aaginoopprt, 1
aacegortt, 1
ahpsw, 1
aeglns, 2
aceeilllnttu, 1
ddeeehillsv, 1
ahpst, 1
fgiinr, 1
deess, 1
acdefin, 1
deemnnostw, 1
acdhorr, 1
deesw, 4
aelprsst, 1
adelst, 3
hkorswy, 1
afilmy, 12
alrsuu, 1
eimnnrsttu, 1
aceilmt, 1
afos, 2
dhiorr, 1
birs, 1
adelry, 2
aceilmr, 2
aaccddemmoot, 1
aehors, 3
acdillory, 2
ahmnoss, 1
eeltvw, 8
eeltvv, 1
bdeeglno, 1
cehiinrst, 1
agiiinrv, 1
eilltt, 120
achiinrst, 5
aceilmx, 2
aaeeehkprss, 4
aelopsst, 3
afrt, 1
abbdegl, 1
giilnppr, 1
giilnpps, 3
deefiiilnnty, 1
agiintw, 11
aeeirrst, 1
eeiimnrttw, 1
ehllnstu, 1
adeklnp, 1
ddgiilnr, 1
aeehnooprrs, 1
cddeeinorsuv, 2
ceiopprs, 1
aefrstw, 1
beeegimmnrr, 3
cekknor, 5
acenorsst, 2
adforrw, 16
deelr, 1
ffgino, 2
aegiimnnx, 1
hrttu, 5
aegiimnnr, 2
accehiilprrty, 1
eefmoprrr, 1
cdhtu, 2
ceeilnot, 1
agiinrs, 4
ceeilnov, 1
eillwy, 1
aacciopsu, 1
aeimssv, 2
deillottvy, 1
accelno, 3
aacenpsu, 1
addde, 13
afst, 5
abdhknoo, 1
deiistt, 1
deiistv, 3
ahppy, 7
aeggu, 1
deens, 4
bbhoy, 1
aalrsy, 1
aemnnrs, 1
beeellnnotvy, 1
bellosw, 1
ghhi, 18
dehlorssu, 9
inns, 1
defiijstu, 2
filstwy, 5
deeir, 1
delnooprsuy, 1
deehw, 1
aeiilnnottv, 1
aceeinopttx, 1
degnooss, 5
adeemort, 1
bimnsu, 1
aehmostw, 5
adelopr, 1
cdeginnnot, 1
abcehkors, 1
ddgiilmn, 1
ciksst, 3
acerss, 1
ademrsw, 1
chistw, 3
dnnouuw, 1
ejnos, 11
agnorst, 1
eikls, 3
aikmnnosw, 1
adeenrrw, 1
ejnoy, 3
elrttuy, 1
abekorrstw, 1
aabddenno, 2
bcejot, 9
inpt, 3
acerst, 2
inps, 1
acfhltuw, 3
cekrw, 3
deeegr, 7
ailstv, 1
belstu, 2
abbors, 1
ghin, 4
adeenrsw, 38
abnrtu, 1
ddefirt, 2
inor, 6
ghis, 2
inot, 141
beilopss, 24
effiort, 1
bdeinortx, 1
ceehks, 4
adehlmnosy, 1
eeeglmnnt, 9
ceiknrst, 2
ceeiknt, 1
aehlstty, 1
aalrt, 3
aadeoprsx, 1
celos, 10
celov, 1
aarsww, 2
hkoo, 1
lmosty, 1
adefmnorrst, 1
inru, 3
adginnst, 9
abemnsu, 2
ceeilmrss, 1
lorsstuu, 1
oorst, 1
deeems, 42
bcklos, 1
aelmrsv, 2
acimno, 3
eilms, 16
celnu, 13
acryz, 3
deefrsu, 4
boost, 10
bdotu, 21
adeerrssu, 1
efgiinprst, 1
deeeln, 3
dfilu, 1
bdnooy, 9
defix, 8
ceehms, 1
aeehorsuw, 1
ciortvy, 2
allsw, 3
abekortu, 1
afklnry, 2
belsstu, 1
allsy, 3
acegiinnntu, 1
egnrstu, 4
intt, 2
aggikllnooss, 3
deefrtt, 1
defil, 10
ghnu, 11
eeillostv, 1
defin, 1
adeerrstv, 1
defir, 1
dirty, 2
bdelnossu, 1
defflmu, 2
beeghprrstu, 3
bcmrsu, 1
aabdll, 1
aacilrty, 1
abiiilmntuu, 2
aaellnprrstuuy, 1
inss, 1
inst, 1
ceilmoootv, 1
adeellqu, 2
eefginrrr, 1
bclsu, 1
cdehotu, 3
cdefino, 2
bdoor, 4
ccehikkossty, 1
eeefhorrw, 3
ghilst, 11
eeefhorrt, 7
cdenos, 13
allms, 31
bbehlos, 1
aalnv, 1
elnpty, 6
adginnor, 1
defgory, 5
bersv, 1
aceilmrru, 1
bddeeint, 1
cdenno, 1
acdeeort, 1
ailnppstu, 1
eefrrs, 1
deeeotv, 1
egnorssu, 1
aafhlwy, 3
jloosuyy, 1
aceoprsstt, 1
aacdeinnqtuu, 2
deeepr, 9
allow, 5
amory, 2
cefkls, 1
oortt, 1
deeepp, 2
ceehilln, 1
acehmnrt, 7
abost, 4
aabdor, 3
aceimnops, 1
eefrsu, 1
aenprt, 1
diiinoopsst, 3
acilprrstu, 1
abhilnrty, 1
aaceeipprt, 1
abotu, 139
aabceln, 2
dehhlorst, 2
beehillms, 1
cdeefht, 1
aabcelp, 2
acinrstu, 1
ghhily, 4
fgillors, 1
bcdeeiilnrsttu, 1
ahmnory, 3
deostu, 1
deinrtu, 1
aaelnvz, 1
ddeoprrtu, 1
aegnrst, 25
aeguv, 3
ceehrw, 1
eghilrt, 2
addry, 1
deosst, 4
cddeehnr, 2
ghsu, 1
ehkooy, 3
eehlrst, 2
bghortu, 17
adeehmost, 1
adgilnpsu, 8
cgiinnoot, 1
ehnorstu, 2
ahmnopt, 5
aeelsttt, 1
abblopry, 11
ahimnprttu, 1
aehnsv, 3
adellosww, 2
aehnst, 1
aceilmnnooptt, 2
cginoprru, 1
acrry, 8
cceemmno, 3
ghinnot, 65
eghlnt, 10
aeeilnsst, 1
ghilpt, 1
himprtu, 3
accehnor, 3
gipsy, 1
aghinssv, 4
aghinsst, 1
efgort, 5
deinrsu, 1
aaabhmrs, 1
efgorr, 1
defnnoss, 2
ceimorr, 1
eefiimnn, 1
aalmr, 8
eghlmp, 1
hlssu, 2
ceenoprrsstw, 1
aegps, 2
aghn, 3
aaemns, 1
aceeeinsstt, 1
aaeioppprrt, 2
ceehos, 2
abeehilmnssstt, 1
aacdektt, 1
eepsw, 2
aghilmty, 1
aaenrrstt, 1
ciiorstuy, 10
acdeiimrrs, 1
oppr, 1
ensstu, 1
deiiklnnss, 2
eiimnoprss, 3
eeeeeeeeeeeeehnpst, 1
eeeinprrsst, 1
abegmor, 1
eillmr, 1
aghs, 3
estw, 5
eimorsstuy, 7
aggn, 1
ceehnw, 1
esst, 2
acemopsss, 1
aacdeemnntv, 1
ceehnt, 3
cceknoy, 1
eeprt, 5
amoprsxy, 1
aginorst, 1
eghilns, 10
abcehnrs, 1
aaacdiinnsv, 1
adeegnrr, 2
aginnopt, 1
abeggr, 2
eillnt, 1
bggoy, 1
eillns, 1
demmnosu, 1
cceemmor, 3
cdgiilnnu, 1
defiinty, 1
essw, 2
egiors, 1
essu, 1
einrtw, 2
eginppst, 2
aegrv, 6
aegrt, 45
adeeinoprst, 1
aeinoprttu, 2
eqstu, 2
adelnsstu, 2
akmnorw, 1
opru, 3
aeehlrt, 4
oprt, 1
adeiimnott, 2
cdeenpru, 1
adeefllorst, 1
agio, 1
aegsw, 5
aegst, 5
cmoo, 1
abeinoorstv, 2
agin, 2
ceehps, 3
eeeehrrvwy, 1
eppru, 3
deeeilrv, 1
eelorssuv, 9
aefhrt, 53
gnrstu, 1
ghinntu, 4
agit, 3
effoprt, 1
agls, 1
bjos, 1
aadeinorrrtxy, 8
aglo, 3
eoprs, 1
eegrsstu, 2
eoprw, 13
eoprv, 3
abdrsu, 4
aaeghnoprty, 1
cdeegiiln, 3
belmstu, 1
cdeeerst, 1
aborrw, 1
accinnoortt, 1
aeilotv, 1
agly, 1
acllnorw, 1
dehlorsu, 10
aacchmno, 3
eopst, 4
acdeelrtt, 1
aagimnz, 1
eeffginorr, 4
eestw, 7
cdeinostttu, 1
eeehrrvw, 3
bcgoru, 9
aceefilprs, 1
addeenrw, 1
aabeklmrry, 3
opst, 32
opsu, 1
dlmou, 1
agmnorrst, 5
bhmtu, 2
agns, 4
agnr, 4
epsst, 15
aeenrtty, 1
deeilpsy, 1
cddeeehmnopr, 2
aadoprx, 1
aehimnnosstt, 4
adgru, 1
epstw, 3
aeemmnstu, 1
deooprt, 1
addeentt, 3
epstu, 2
aehilvy, 5
aacddeint, 1
dghilno, 9
cehimny, 3
acdginn, 2
cegijnoprt, 1
cdeeilmmnopt, 1
abegilr, 1
adeirsst, 1
acelrst, 1
aehlmt, 5
dinosww, 7
aeelntuv, 1
aeefrstu, 6
addiins, 1
opxy, 1
aejny, 1
aaclltuy, 3
abegilnopprtt, 1
ddeenopr, 1
aceors, 1
acceino, 1
aeinnossst, 2
adellow, 2
cdehilnr, 3
aacceikoopstttw, 1
aeegnnrssst, 1
acdffir, 1
aelnnoops, 2
abegint, 5
ahnppuy, 3
abeginr, 3
agry, 1
cceeemmmnnot, 1
adgmo, 1
jostu, 1
ceehoopsstt, 1
agloopy, 1
agrs, 1
abdeeeilrt, 1
eimnorst, 2
ddeeeinnnpt, 1
achhiilloopps, 1
eeimrssty, 3
adeglmos, 1
ddeeilmw, 1
abiilnorsttu, 1
abbelmrs, 1
ddeenorw, 5
eehlssv, 3
adgnr, 7
dddeiiv, 1
aghiinnsv, 1
aehllt, 1
istxy, 1
eiloprsuvy, 1
aehhilltw, 1
adeils, 1
eeghortt, 20
adeilt, 2
adeilr, 1
efiiilmpss, 1
adeiln, 1
eflorw, 4
deglno, 1
defikn, 1
abceeiilnrtx, 1
deglnu, 1
deirtv, 1
ahsst, 1
aeoptt, 1
aeqrrtu, 11
enoprss, 1
beiiilnsv, 5
fghinortt, 1
aagnnstt, 1
afgilno, 1
deenrtuv, 1
acdef, 6
aadggimn, 1
deirsv, 2
acdep, 4
acder, 2
agst, 2
cdeiorrst, 3
dehopp, 2
afgilnr, 2
ciinopssu, 2
bdefginoors, 1
deeistttu, 1
acdey, 1
ahsty, 2
beeorsv, 3
acennotv, 1
dnnootww, 1
acchrst, 2
bdeeeglo, 1
oorrsw, 2
egorrs, 1
cdeiloss, 1
ceeeeinprx, 5
assty, 1
deirrv, 1
cdeimmott, 5
agprs, 3
aehilms, 6
deirrs, 1
aeensssttu, 1
giilnstt, 1
aceeiimnpt, 2
deinrsttu, 1
enooprsttu, 3
aceeinopsttx, 1
aghilnpsty, 1
ceefhllruy, 1
cdeehpr, 1
cefioorsu, 1
aejms, 3
adenrsu, 1
eehlmoss, 1
isttw, 1
aaeilmnnott, 1
aadeintt, 1
ceiprstu, 1
acddeeht, 1
dehrrtu, 1
cdegiimnoorsst, 1
cikrst, 2
dgisstu, 2
deoopst, 2
abeghiioprs, 1
cellnno, 2
eintu, 2
efklsu, 2
deeklooorv, 1
cgiimmnooprs, 1
aenrstv, 10
aenrstu, 1
abceghiln, 1
dehop, 3
deprsuu, 5
dehor, 1
hlmt, 1
egnotu, 4
clnostu, 2
filssuy, 1
aeeiorrsttv, 1
bginorruw, 2
aabcdkrsw, 3
aehimmooprsst, 1
ggiilnnt, 1
definr, 31
ceepstx, 1
eflouw, 1
corstu, 1
aelmpss, 3
eeeinpsvx, 3
dehhloosu, 2
beikoos, 1
eehirt, 13
dfilor, 1
eegilnrtw, 1
acddeees, 1
ccdeinoot, 1
acellmrsu, 1
dehosw, 7
aeiilmpr, 2
deeggsstu, 3
einrs, 2
cghinotu, 1
dehosu, 1
dehosv, 2
abiilllnrty, 1
gilm, 1
floors, 1
giln, 14
gilr, 12
gilt, 1
eeeginprrsv, 1
hloy, 5
aaddehln, 2
defill, 10
aeginnry, 1
defils, 1
eeeimnprtx, 1
aadhilrstww, 1
cdejnoru, 1
abfiilllny, 1
ghiiknnt, 8
einsv, 3
einsw, 1
deglos, 2
defilt, 6
aellmrs, 3
chirst, 1
gikn, 19
aenrssw, 1
ddemo, 2
aabciln, 1
giinrstw, 1
giinrstv, 2
cdeiklrt, 1
aceelnrw, 1
deimx, 3
defist, 1
aempttt, 5
aadeeeprstx, 1
ehlos, 2
ehlot, 1
addert, 2
ehlow, 28
elmnos, 1
achkmmo, 4
ahirstt, 1
gino, 3
eggiilnnst, 2
ceeiinoprsttv, 2
ceeeefnrrs, 1
ginr, 9
gins, 14
gint, 7
adeenors, 2
aackorwy, 1
aaaghpprrs, 1
aadinrt, 1
adderw, 2
deilv, 15
deilw, 2
deily, 2
adhoswy, 1
cdeeiln, 1
aagimnps, 1
deglnoopr, 1
acdeerstt, 2
ceotv, 1
cghinouv, 1
gmoor, 2
efnortu, 7
gimr, 3
deiln, 2
ceelnrty, 2
dfloo, 1
deilp, 1
deilr, 1
dflos, 2
deils, 3
aeghrt, 2
cdeeijpru, 1
fghiins, 1
ceelmopt, 4
ffmu, 1
abceflmnoortu, 5
cddeorw, 4
eemoorrv, 1
ehhiortt, 3
hlsu, 1
egimm, 1
bdettu, 1
eflmorry, 2
ehilmrsst, 2
deinx, 1
fiiil, 1
ciorsuu, 3
cgikmno, 1
abbdeors, 1
adeghrstu, 2
egilu, 1
abceklnss, 2
eegiilnrv, 1
aiknnost, 1
aellnpr, 1
amnnor, 1
aepssu, 1
bginow, 1
deginnr, 2
aepsss, 1
deginnw, 1
girt, 1
deginnt, 1
eelrssst, 2
aceiprst, 2
adhossw, 2
cdeeipr, 2
adeiinstt, 1
ffnu, 3
deeenrt, 13
aehilrty, 2
ehllo, 1
alott, 1
ehlls, 1
adeeimnrtt, 1
bnorw, 14
eiimopprrty, 1
adnsst, 4
ccceenorru, 2
ddeeeeimsst, 1
acerttx, 1
addgilnsw, 1
ceeffnos, 1
ciinnorssttu, 1
afgilmn, 3
aceennp, 1
gitw, 1
abdekory, 1
aceennt, 1
ceemoorv, 4
deikl, 3
efhllopuy, 1
aggilnnrst, 1
acceefgiimnn, 1
afgilln, 7
adeeinprst, 1
defitt, 2
adeghrtu, 5
ailmnno, 3
aklst, 2
cdlos, 3
aklsw, 2
ceorv, 3
cdlou, 139
ceory, 1
gisw, 1
adnsuy, 4
cdeehkst, 1
aeeginnorst, 1
abeehnoprry, 2
cdeeinv, 1
bginrs, 1
delpuzz, 2
deiinoprt, 1
aceeeinrsss, 1
cehhirs, 2
ddeeeprss, 2
eiimnrsst, 1
amrry, 2
deginrr, 2
agghinns, 1
abceilorrvy, 1
abrss, 1
aeflnnorttuuy, 4
himsw, 1
illqsu, 1
addemns, 1
dennorstuu, 1
amrsw, 1
adortuw, 1
demnor, 2
aeghmo, 2
himrt, 1
amrst, 5
ehlstu, 1
adehikmnrrss, 2
cmmnnoou, 1
cdeenoqru, 1
acdgiiiimnnrst, 1
abeeeilmnprt, 1
ilpst, 1
adeeggn, 8
adehlt, 8
adehls, 1
giijnnru, 3
aginntw, 2
aaiilprtty, 1
adehln, 4
aehkmt, 1
adgnnors, 1
ceffiinstu, 4
aeinpr, 1
amrtu, 2
aklnp, 2
ceeinns, 1
aeefgorst, 1
addeln, 4
addelr, 2
ettx, 3
ddeoppr, 5
alory, 5
iprstuu, 2
aepprrw, 3
gmnooorrst, 1
eeelmorrsss, 1
aehkns, 1
imsty, 2
borsw, 2
adinorsstw, 1
bcddeeirs, 1
aginnrw, 5
aclnnortu, 1
aehkny, 1
ceiklrt, 2
aehkss, 1
dgilnor, 1
degjmntu, 3
aceehilortt, 1
cceiils, 1
ghinosw, 6
ahinosst, 2
ffpuy, 1
ghinosv, 2
eimprt, 3
addenr, 1
aegmnry, 1
cnor, 2
abeeistu, 2
aaelppsu, 1
beeemmrr, 14
ahil, 2
aacegirrs, 1
addemn, 4
aeilllrty, 3
beginorsv, 3
eilmps, 14
ghinott, 3
bklu, 3
ahir, 31
adehps, 2
aeinnottt, 17
ahlt, 2
ahls, 1
acdrs, 1
ahlo, 1
bkoo, 12
aaccehrrt, 8
adejnruw, 1
ainopsss, 1
ahll, 14
aeintv, 3
adehss, 1
egimnorv, 1
fimnoru, 1
deilppsu, 1
aablorsst, 1
aemnoorrst, 2
filloty, 1
adehsw, 3
adehsv, 2
bkno, 1
deimnrs, 2
aacdef, 1
eelmmnopty, 1
aiiinnoprst, 3
aciilnppr, 2
adellnouy, 1
adehrr, 5
addeor, 2
adehrs, 3
aginnnt, 2
acddeetu, 1
berttu, 2
adehrt, 4
ahkw, 1
einstv, 1
ahnt, 97
ahns, 2
ckoss, 1
bdinnu, 1
eprss, 4
aefglmrstu, 1
eprsu, 5
deegilnrsy, 1
eersv, 2
deiknnss, 4
aaddllny, 2
eerst, 3
ckost, 3
ccdeehk, 1
cegiinpr, 2
ddeenoprs, 2
cimmnnoou, 1
bggiilno, 1
aacehmnttt, 3
aabeimnot, 1
fnorst, 1
aeintxy, 2
bginr, 12
adefhinos, 1
aeinnosst, 3
ceffors, 1
gghiilnt, 2
ahmr, 4
egillnqu, 1
irsstw, 1
aceflttuu, 1
ciilv, 2
ckory, 1
acckr, 4
afltu, 2
adeehnst, 2
aeilnottux, 1
aeirs, 11
ddeiijnost, 1
ehikrs, 1
ahpr, 1
aciilmnr, 3
acepst, 1
ahpt, 10
deiorww, 1
afluw, 5
eemprsu, 2
adeehnpp, 13
eilnst, 14
aeghnss, 1
ahot, 1
aadersy, 1
aaeeginprstx, 1
ddeeorsty, 3
aceprs, 1
aadersw, 2
aceprt, 7
abcinosty, 1
acelnrttu, 1
adeeknrrtu, 1
egiilnort, 1
ahoy, 1
dlloy, 1
ahox, 1
ceennortu, 3
adegginrr, 1
afloo, 1
defgilnnoru, 1
adfir, 1
aeilv, 3
aeiprs, 1
aeils, 1
aflot, 4
aeiprt, 1
deeeinrstt, 8
ceioprsu, 2
fggiinorv, 2
agors, 1
aeiprr, 2
ckoos, 1
aabbdlor, 2
aeelnsst, 1
ddeippr, 1
aaelnpprty, 5
adeglnss, 1
dfgilnos, 1
begghiinnoru, 1
dddeeenp, 3
aehltwy, 1
abceelrst, 2
agost, 1
dddeeenr, 1
aehmpr, 1
acdeeinorst, 1
gginorw, 2
aamrstu, 1
aacfiinosstt, 2
afginnorrt, 1
aflstu, 2
addgin, 1
acchnotu, 1
ahilsty, 1
dmooy, 2
aabceefnorr, 1
ahtw, 241
accht, 4
ahtt, 843
aeippr, 1
accho, 3
aaeilmnprt, 3
aacllsuy, 1
aaacceinnqtu, 1
aabegimnrrss, 1
ehiikmrsss, 1
eeimpr, 1
dmoos, 1
aginnwy, 1
aeilnpx, 4
eorrsstu, 7
ahst, 3
ahsw, 3
ahss, 1
eelorrvv, 3
aehmnr, 1
clrsu, 1
adeefhor, 6
aeflnorttuy, 1
abgilntt, 1
cceeemmnor, 1
aairstwy, 3
eeghilnstw, 2
adenstt, 1
aaffirs, 3
eeeprrsv, 1
eefllmnow, 1
dehpsu, 10
ceeeimnntt, 1
eggor, 3
aefhilsst, 1
abeent, 2
acginprs, 1
agggilnrst, 1
aeiinopprrst, 1
adelmms, 1
denooprsu, 3
eisssu, 1
ahrry, 1
isstu, 2
bcehru, 1
eegilmnsy, 1
cciinnootv, 2
ceehlrsu, 1
adempst, 2
bdginotu, 1
aacers, 3
deistu, 8
ahrst, 1
acehhrtt, 1
aggnor, 3
deffgiinr, 1
giilmnoorv, 1
beemmrs, 1
ddemoo, 1
egimnrttu, 1
aeikl, 1
ademprt, 2
deissu, 1
ahrtw, 1
abbgilmnooyz, 1
cdeinnostt, 1
eeggor, 1
aceeeglnrssss, 1
ceeprst, 11
ccdeinnov, 4
efhilnoosss, 1
cghinnpu, 1
fgit, 1
cegiintx, 1
eimrt, 1
amnotu, 3
iprt, 2
bckllou, 1
iprs, 1
iprx, 1
hmow, 26
abeerv, 1
deegmm, 1
ahilopst, 2
ahyz, 1
eimst, 14
adeehhistww, 2
ccdnotu, 5
iinoopst, 11
beknor, 8
aelnrtu, 2
binory, 11
deglo, 13
acegoorsuu, 1
jstu, 86
abdlory, 1
ceffiilnstuy, 1
deegls, 7
deeglu, 1
eisstu, 1
eehlmoosw, 1
iptt, 1
ddeilossv, 1
abklrsuw, 2
aabbcirr, 1
ipty, 8
giinrrst, 2
aceefghllsst, 1
bghirt, 14
aagilmnnt, 1
aabhiinntt, 1
degghrsu, 2
bdginoor, 2
cdeeffgu, 1
bcdeekno, 1
aaacnrv, 1
aadeimnt, 4
ipst, 1
hmpu, 1
dghiiinsstu, 2
deiorssu, 4
ccekorrsw, 1
aeenpprsw, 3
cdeloo, 1
eeklnost, 1
cdelor, 1
cdelos, 13
cceflsssuu, 3
eghit, 10
censt, 2
abdefiorr, 1
giimnoprv, 2
dehilrruy, 2
ceeffo, 6
acginrt, 1
cdefiiit, 1
cdegiinorsv, 1
amorru, 2
amorrt, 1
elmopy, 1
cdkos, 1
amorrw, 1
abefiltuu, 3
deeiinnrttw, 1
aeginnortv, 1
cehoos, 2
ceefft, 5
acginst, 1
ceefir, 2
ailnqrtu, 2
emoors, 1
aacillprrtuy, 5
acginsu, 3
adeilsty, 1
aegity, 2
cgiknoo, 1
einnr, 3
adhilnostu, 1
cchou, 3
einnu, 1
amnors, 1
adeehrt, 1
almrwy, 1
deegssu, 1
allotw, 2
efforst, 2
aaceeffinott, 2
cghimnoorst, 1
ddeiv, 1
eiinnnostt, 1
aabcgilnn, 3
beilrty, 2
aggilnz, 1
aceillpruy, 2
einos, 11
eirssst, 1
acinnooort, 3
enrrtu, 4
aaeeilmort, 1
cdegiinnors, 2
acceelpsst, 4
ddeir, 1
abehnorrt, 1
aceenpttx, 1
aehpprs, 24
aeeelnrrsss, 1
abeilstu, 1
aennoy, 7
cenor, 1
dginoppr, 1
aacelp, 1
cdeennott, 1
elmouv, 2
aceioprt, 1
addentu, 1
bdgiinrstu, 2
bgiklnnotu, 3
adegnrs, 2
aacemr, 1
elmoty, 1
aeemmssst, 1
adlnor, 1
eeoopprrsstu, 2
acdeffilt, 1
hiottuw, 53
deloprst, 1
dehir, 3
flnoorr, 1
dehit, 1
abilrry, 4
abdnoortuu, 2
aaelpps, 2
cdeenoruv, 1
ceefilnorst, 1
cchku, 1
eeehillns, 1
bdeelmrt, 1
abeeln, 1
acefrsu, 1
efimnrss, 1
abiloorsu, 2
aadgglr, 1
ghiiknnntu, 1
aadhrz, 1
eeiorvvw, 2
eennnoss, 1
ddees, 1
deefkmmprsuu, 1
lruuxy, 3
cdellu, 1
allooy, 1
cdeennost, 2
ehkoorssuw, 1
ddeeg, 2
abdeirtttu, 1
ilost, 2
aadennttt, 1
ccekorry, 1
ddeen, 4
dellor, 6
adorstw, 47
aelmrsty, 1
adeiimmnos, 1
aeeimnnorstu, 1
aeginu, 6
aegint, 4
ghinst, 22
acehnsst, 1
adegnor, 1
cdeenorsv, 2
aeginr, 1
bceklsu, 1
giknnow, 9
gijkno, 2
ghimmnu, 1
eejmnnoty, 1
aagilmnyz, 1
denrtu, 46
ceoostuv, 1
eggilnorw, 1
antty, 1
deiostu, 10
acilmnop, 2
aehlrw, 1
aehlrt, 3
beglnos, 1
acffiilo, 3
bdeelow, 2
biilmstuy, 1
iklns, 1
bdeelov, 3
eghnou, 50
eiorrsw, 1
copr, 2
denrsu, 1
aqrstu, 1
ccilnnoossu, 2
adelrstt, 2
aacrsttt, 1
acceeilms, 1
ceffiors, 3
ahnoppsw, 1
ghost, 32
ilops, 1
noot, 12
hinpsu, 1
noos, 31
aeilorstt, 1
ghinpsu, 1
copy, 6
aceginnor, 1
demoor, 1
aeehmsttw, 1
iklls, 1
aegims, 1
dnopsu, 5
ainqttuy, 2
alnps, 4
lmppu, 4
degglrstu, 3
ghotu, 6
acfhlnorsw, 1
ceilnst, 1
aeeimnx, 1
aiinnorstt, 1
bllu, 2
agghisw, 1
ehloosstt, 2
adeipr, 1
adorsuu, 1
aciittvy, 2
ailp, 3
blot, 3
ails, 8
ailr, 2
ailm, 1
mpstu, 2
eeggisstuv, 1
aegilnopprv, 1
ailn, 4
aiillmw, 2
ghinop, 2
aaeglsvy, 1
ainsstu, 3
abcehlor, 3
bgirs, 1
ortu, 1
giilmnnooops, 1
aeeimss, 1
lmpsu, 1
beegiilnv, 1
bceijnoost, 2
aaehlmnw, 2
aeinooprst, 2
orty, 2
adeisv, 1
blow, 14
ailt, 3
bcgiilmn, 2
aegosvy, 4
adfru, 1
efmoprrs, 1
aikn, 2
deimmrt, 1
cdelru, 4
eervy, 64
aeellottu, 1
aabcddorr, 2
ghoru, 2
aaaginr, 1
ccfilnot, 2
beirttu, 1
orst, 28
orsu, 1
orsw, 1
nrstu, 3
beeilrrt, 3
nopu, 153
chorsu, 1
orss, 7
hills, 1
ceeinrstu, 1
ccceeeiiinrstt, 1
ahoory, 1
adeirv, 3
adeirs, 12
ginprss, 1
ainr, 5
aint, 1
ainp, 10
cdeginorr, 1
acnorrty, 4
aaggimnn, 1
aehlsw, 2
aehlsv, 1
deinprt, 2
nosu, 1
eeeinnprst, 5
noss, 1
giknoy, 1
nosw, 9
agghinn, 4
giknop, 1
aiinosttu, 9
ainv, 4
dfoorx, 4
ceeeffitv, 1
dellpu, 14
dginstu, 1
egillnsw, 1
adeilnrss, 1
cost, 3
acnorrsu, 1
aimn, 5
aceehhirrss, 1
agimnssu, 1
inoopt, 1
inoops, 1
beemmr, 2
ceeginrst, 1
aehltw, 4
acdeinotu, 1
nort, 1
oruy, 196
norw, 2
noru, 1
adeehnnrtu, 1
adeitw, 3
cdeerstuy, 1
egilnstt, 1
egillmns, 3
chips, 2
enost, 17
aipr, 7
adepprst, 1
aeflor, 1
chipt, 4
ehlmos, 102
eeiimnnprtt, 1
begins, 2
abeksst, 1
aeeegnrss, 3
aeehistv, 1
aeehistt, 1
adeoss, 1
bbennorssstu, 1
bdeios, 2
blru, 1
aacddenv, 1
aeegrstt, 8
cilry, 1
ceiimnooptt, 1
deepss, 1
notu, 1
deilmoosu, 1
arrsty, 1
notw, 14
adeorr, 1
cdeiilnn, 2
acfrs, 1
cdeklow, 1
acfrt, 5
aadgllruy, 4
aeeillrtvy, 1
aehrss, 1
eortw, 15
aehrst, 3
aacdehtt, 2
eortu, 3
acdgiinrstt, 2
aaceghrt, 1
dgiinopss, 1
acfst, 5
aabcikrsst, 1
dgiinoprv, 1
deemnortt, 2
aehrtt, 1
enorw, 2
eeiiqrstu, 1
aaeistt, 1
aaegmnr, 2
aacfiorsstty, 2
addennrstu, 21
aceffinot, 6
dlouw, 201
bdeilo, 1
abcin, 5
aitw, 18
chill, 1
cdginorw, 1
adiov, 2
aelry, 8
aegovy, 16
eorrr, 1
aelrt, 8
agghilnu, 9
acdilmopy, 1
behlmu, 1
ceeeginrt, 2
aeflsy, 3
adeiklsw, 2
aceiiptx, 1
cdinooprstu, 1
abehlortt, 1
eehintttw, 1
abcjo, 9
fhinrsu, 2
chikn, 22
aisv, 1
dghiimnt, 4
acehmostu, 2
aglruv, 2
aelsw, 1
enopr, 1
bdeeeilv, 4
enops, 1
defhiins, 3
aelsv, 2
adipr, 3
ckrtu, 1
chikt, 10
eorsw, 5
aelst, 18
adhlnoprs, 1
aceefmnoprrs, 2
bceoort, 1
cekort, 4
elnorsuvy, 1
cdeiilru, 2
adeenpprw, 1
chinp, 1
aclnoortt, 1
abckl, 28
acdeenrst, 1
ailnnstty, 4
elnrsty, 6
acfny, 10
lsuuz, 1
aalnnoopst, 2
jlloy, 4
dlorw, 32
abcln, 1
deeffrsu, 4
aacdeeimt, 1
eeimnnrtt, 1
ceeeeinprsx, 1
aeluv, 3
bgiimmnr, 1
elmopsy, 2
adeeinnrssu, 1
accistu, 1
abceh, 1
eeloprrstu, 1
aelnt, 3
aelnr, 9
adeehpstw, 1
abcer, 1
aceehrrty, 1
aelns, 1
aelnp, 5
abcel, 1
ceeorrv, 1
aelno, 14
cggiilnn, 1
accnoptu, 1
deeehlrst, 2
bdennottuu, 1
ginorstw, 1
arrty, 1
aailmn, 1
aefilnooprss, 1
adefillpy, 4
addeehnr, 1
eefimnrt, 1
adily, 2
acceimmnotu, 2
eilnoorsstu, 1
adeeghrt, 4
aademss, 1
eopprr, 3
aeeflmrsuu, 1
eeft, 15
eefs, 1
cdefinno, 2
adenpps, 2
eefr, 12
fhis, 6
aegimmnrst, 1
eeiinqrsu, 2
adimt, 2
abeghinrt, 4
agrvy, 1
adims, 1
eefl, 26
aelpt, 1
aelpr, 1
abiinortv, 1
aelpp, 7
hnor, 3
aaenrrsttu, 1
eeghinrtvy, 11
abcelmrs, 1
aeikmnst, 2
acefhloprru, 1
dhijtu, 1
aelqu, 1
ehimnnpstu, 1
ceeelnoqu, 1
ddeeirtv, 2
irsuv, 1
befir, 4
eelopp, 22
aaccillss, 1
hopsy, 1
aefgistu, 1
aachimnr, 2
hopss, 2
eehr, 77
acorss, 21
eehl, 2
acdeiilnt, 1
adeefimnst, 1
eforst, 2
irstw, 4
adlooostt, 1
ahiilrty, 1
eeklny, 3
iqtu, 1
eefginrz, 1
abelorrsu, 1
ddirsu, 1
cdeloor, 1
cemostu, 2
aeflln, 3
eegl, 1
ccghinors, 1
ccghinoru, 1
abceeelmnrs, 1
bdirstu, 1
adeisttu, 1
abeggrs, 1
cdeeinprsy, 1
aehrrt, 33
hikswy, 2
abloru, 5
acddeiint, 2
efnorz, 5
bdeiru, 2
cdeeiltxy, 2
degnnosu, 1
aacfgiiinortt, 1
eejr, 1
belostt, 1
cdelnooruy, 5
aelnquu, 1
afhlmru, 1
gnsuw, 3
aelly, 4
ceeimnps, 1
glmoo, 6
aeepprr, 2
hnsu, 1
hortwy, 1
aemnrttu, 1
acgilln, 5
aelms, 1
aacgisty, 1
agrsu, 7
aelmt, 2
agrss, 3
aelmp, 1
aelmn, 1
efgoy, 1
ccimnnooptu, 2
enosst, 5
acefhmnnr, 1
ablott, 5
beiiilnssty, 1
cimmot, 1
adeiimnrs, 1
aensuy, 1
abdllny, 2
ainrssu, 2
adehntu, 2
eels, 21
eelr, 1
eelp, 2
fhoo, 2
afilnruy, 1
aeehirv, 1
abclmnosuu, 1
efhls, 6
aeeglrtu, 2
aainsssstt, 1
eelnss, 1
aefgmnrt, 3
ddeiltu, 1
aacddeinst, 1
eekw, 21
eeks, 4
aeerrstv, 1
eekr, 2
eekp, 29
ehntt, 1
eekn, 9
eekm, 1
deilos, 1
aeerrstu, 4
ddeflo, 4
aaacdeeinpprs, 1
aginppt, 1
hntu, 1
eghiinrssv, 1
aabdegn, 3
ciosst, 1
dgnoru, 12
eenv, 52
eens, 26
aaennprrstt, 3
eiqtu, 58
deoppssu, 2
celmssu, 1
beeentw, 27
accikrsw, 1
ddiruy, 1
dekss, 1
acilmsty, 1
aelmnt, 2
acgiknt, 1
cdeeijnot, 1
imnost, 1
eemt, 5
eems, 11
eemr, 2
deilms, 2
aegnors, 2
ehnry, 1
adhnosstu, 6
aelmny, 1
cdiinnoot, 3
bcikrs, 1
eelnvy, 1
deeefhrrs, 1
abbggiln, 1
deiltt, 1
ekmnoy, 2
deiltw, 2
acmorstuy, 1
aeehnrwy, 1
cgimno, 24
eepw, 3
aegmnrstu, 1
eepr, 1
cckos, 1
abeklnst, 1
ehnos, 1
aelmsu, 1
eepp, 1
ghiilnstw, 1
ehnoy, 4
bennot, 1
ginrty, 10
efllosw, 1
aceemnnnnotu, 2
dstuy, 12
aegmmoprr, 2
dfnou, 35
eopprssu, 2
amntuu, 2
ccegillnot, 1
ccdeesu, 2
egiiklnw, 1
deeelns, 2
ginrst, 3
aacehimmstt, 1
aceinnsu, 1
aceinnst, 8
adehnru, 1
eerw, 190
adefhls, 1
aacinpt, 6
eerv, 47
eert, 2
bdenorsu, 1
cdeiorsvy, 4
eeegs, 1
deilostu, 2
bdgiiinrsttu, 1
eeinrsstt, 2
dekop, 1
aemmnorty, 1
aelmrv, 3
dehinr, 1
addeegrr, 3
cdeekrw, 1
aelmry, 28
ghiins, 1
aceinnrs, 1
giknorw, 5
gghinosu, 1
dehint, 1
efhit, 1
adfhlost, 1
deilnpru, 2
beginrw, 1
accdginor, 3
aaeppr, 7
aeehrr, 1
aeenorsst, 1
aadmmn, 1
ailnoopptu, 1
cdeeilrsty, 1
aeehrs, 2
iinqruy, 3
affhiltu, 1
aknpr, 2
eorrrst, 1
aabgiilnor, 1
cdeimmooprs, 1
cceilr, 3
eimnoot, 6
aacehillmpty, 1
acddehnnos, 1
aeehikz, 2
ejkntu, 1
abccinoostt, 1
ceeoprsss, 1
eesy, 70
aabdelrsstu, 1
eesv, 1
aadeeeggrtx, 1
ceegiinprv, 3
aadeeglrst, 1
degilmn, 1
deiorrw, 1
amnorsy, 1
cdeeikopst, 1
accdeloorsttt, 1
hilpprsu, 3
acegiknr, 1
eeillnosssy, 1
illopw, 1
eginrsv, 1
eginrst, 1
dehisw, 5
gijklmu, 1
ceeiprs, 1
aacehilmpsty, 2
abdeeilrs, 1
aiklmmnow, 1
ceeiprt, 1
aaderrrw, 1
ostw, 2
chirsty, 1
eehsst, 6
hiopstu, 1
aaccillprty, 2
bbcdeilrs, 1
bmoy, 1
osty, 2
egillns, 3
bmot, 1
egillnt, 7
ciorssss, 2
iimnoss, 1
clmmnnoouy, 1
deghilt, 16
ccklo, 25
osst, 1
abcdek, 1
cdeelmow, 1
aaeilnortx, 1
cekopt, 19
dstu, 4
ahnoopr, 3
agimnrry, 1
chitw, 1
ddeflnou, 1
ccceenorrsu, 1
acellnrttuy, 1
aadeeprst, 1
eegilnst, 1
dilryzz, 1
abeeilnoqstu, 1
degiimnnr, 1
deiinprt, 1
deiinprs, 1
aiiimnnott, 1
ginopru, 4
cpsu, 3
addenrst, 2
accgiiilnnot, 1
aadefgrsu, 1
beimmrrs, 1
ceeipss, 1
aciilmosu, 1
acdeeeinnorssst, 1
aabddehor, 1
aeeilrr, 4
aeeilrs, 1
defttu, 1
aabeikmnort, 1
adeehirrty, 2
aemoprrty, 2
dehlorw, 1
bmpu, 1
aacinorttt, 1
egilmpss, 1
deiorst, 3
ccdeeno, 1
deinopt, 2
cdeeeeinprx, 2
einoprrss, 1
aginpsu, 2
aginpss, 5
enovw, 3
imorrr, 10
imorrs, 2
imnoot, 2
giiinntv, 1
ggosy, 1
eegilnps, 8
begilnsss, 2
aginpry, 1
aginprs, 1
cefiilty, 1
aceno, 7
aaciosttw, 5
accehos, 1
chhnu, 2
aghinnty, 24
imorrrs, 1
cikqu, 10
aghinntu, 1
ggiinnprs, 1
aeinrtt, 1
aalrsuz, 4
afhmot, 1
beelr, 2
aiilmrs, 3
eeffisuv, 1
cikpr, 1
aceensstx, 1
ademntu, 1
aefflru, 2
abgiimnnoo, 2
adhry, 1
cdekkno, 2
cikps, 1
aenssstv, 1
effginoprr, 1
eglnorsu, 2
llowy, 1
bcegiiilnorr, 1
einnpt, 1
efnorstu, 2
cikst, 11
flloow, 7
deehintw, 1
aceps, 8
bdehlo, 4
ccdeehln, 1
aeinnosttt, 1
acefllnoorsttw, 1
aeiillnptvy, 1
acimnnoops, 2
adhsy, 1
aesstt, 2
aaceiipprtt, 1
ablprtuy, 2
aegpru, 1
cklnou, 1
cdeeehnrsstw, 1
bbnorstu, 2
ddelnorruw, 1
ajsw, 3
cikrt, 4
accehns, 1
accdekr, 4
ennpy, 4
beeos, 1
aacegiinnrst, 2
adeinsstu, 2
bggiinnr, 4
aadelnz, 3
accdehn, 1
efinooprss, 5
cefmoorrst, 1
aekps, 20
einnst, 1
ddeenrssu, 2
adeehlrt, 2
ccdeko, 2
defimnor, 2
bdehin, 29
aadelmr, 1
aaeinopsst, 2
cikls, 1
aekqu, 1
acekr, 1
adhns, 44
einntt, 1
adfoopst, 1
addiiilnuv, 2
deeginprss, 1
chhiw, 242
gghiilnnst, 1
adhny, 5
eegoqrstu, 2
aceln, 11
abeeilmrs, 1
ademnss, 2
deemrsu, 3
cdgiinnortu, 1
acelp, 30
cnortuy, 19
bcdeimno, 2
deelopv, 1
deffilllu, 2
aaahrrsttuz, 1
acelr, 15
aeelpprtu, 1
adhor, 3
giilnptyy, 1
bcenou, 1
aehlrty, 2
eilorssuy, 8
abbir, 1
abddenr, 1
acels, 1
acdeiinnoorst, 2
ahiilopstty, 1
eginptt, 1
aceersss, 1
aegiilnnpx, 2
ahnstu, 1
eeemrtx, 6
aekss, 1
ceeehlrss, 1
cghilnot, 1
adeenorsuv, 1
eelprsu, 1
cdiinstt, 1
aekst, 8
aglnoru, 1
einnrs, 1
aeenopru, 3
adeeginr, 1
cdddeeens, 2
ciiosuv, 1
aeinrst, 1
aelnortt, 1
eeghilmnorvw, 1
aadelry, 27
aekls, 1
aeegnprsss, 4
effj, 1
aekln, 1
abbcy, 1
deforst, 1
egisv, 2
acefs, 5
mosttu, 2
egisu, 1
lstuy, 1
hoop, 7
abdehrt, 1
cdeeitx, 3
ddenoorstu, 3
adeenrstuv, 4
eeelmopsy, 2
ehhirtw, 1
acdeinst, 4
aekmr, 1
aceerr, 1
acegr, 2
aekms, 10
eeforrv, 1
acffirt, 1
egirt, 1
ehhirtt, 2
effor, 5
deity, 1
acehl, 1
acinoooprrt, 1
aadginru, 1
cdeeisv, 1
acehr, 6
aceht, 1
aekns, 1
acosst, 1
acehs, 4
abbes, 1
aeknt, 9
acehp, 6
defnorw, 4
cdeehrtw, 4
acdeghlnost, 1
glno, 61
aeeinrrtvy, 1
cdeeirt, 1
alnsuuu, 2
abdeinsu, 1
cerssw, 1
ceeetux, 1
afnrz, 1
hops, 2
beegt, 1
cdeinnotu, 8
eghilsstt, 3
adeegirt, 2
dginnorrsuu, 1
deimno, 1
fimr, 7
fghhlottuu, 2
deopppr, 3
deimnr, 2
agiinnprs, 1
ddegil, 2
eelpsy, 2
gnruw, 2
eelorssuvy, 2
ghinoost, 2
host, 8
cdeiinoprst, 2
glpu, 3
hosw, 9
ddegiu, 2
ddegir, 1
eelpss, 1
ehinnorsstuw, 1
efiw, 8
hoopt, 1
efiv, 19
hoopw, 1
afgiiln, 3
adeppt, 1
filt, 1
efir, 34
adeppr, 1
deimmu, 1
filo, 1
efin, 7
eioprsuv, 7
aacchhintw, 1
film, 1
ghlosty, 3
efil, 44
fill, 3
eginy, 1
eginw, 1
aaccnnottu, 1
eginv, 8
cdeeeinv, 5
aeeemprrttu, 1
ddegju, 1
deipr, 5
horu, 20
imnoost, 1
deipt, 1
imnoosu, 4
eejjnu, 1
glow, 4
deipw, 3
aabccelnnotuu, 4
deiiinprst, 1
eeinoprssx, 8
aceelrr, 1
horstw, 1
eflw, 5
eflu, 1
adepsu, 6
eflt, 64
efls, 6
eehhrtw, 21
efll, 20
beghnu, 1
afhmost, 2
deiss, 9
adepss, 22
dgiiooprsu, 1
deisv, 3
cdeinortu, 2
cdeinortv, 1
iillmnos, 1
giiknrst, 4
adepry, 1
ffginoprs, 1
beeqstu, 1
adeprt, 3
fins, 1
aefhrrt, 2
aceep, 9
cdeeeittv, 2
eehlopss, 2
gnrtu, 1
cellosy, 3
deiprrssu, 3
deoppst, 13
hotu, 3
cdeiinorst, 5
adeprs, 5
deirt, 17
irwy, 1
eenrstuv, 1
cceeinov, 3
deirv, 9
deirw, 1
ciorsu, 1
aacktt, 1
aginprsssu, 1
cdeiprtu, 4
abekrs, 3
cffino, 7
bdeeirstw, 1
aeelnrsty, 3
acghikn, 1
acgilnp, 2
ceelrv, 3
aelnry, 12
eeinnps, 1
adlmopsy, 1
aabdeginr, 1
aeilmoprrty, 1
degginnorssw, 1
ceegintux, 1
efgir, 8
ceilnpry, 1
cdeeeirv, 6
aabdder, 1
accdgilnory, 2
eeinnst, 2
acefgiimnnt, 3
bcdeeeino, 2
aadiimnort, 5
aceemn, 1
fist, 2
cddgilno, 1
aabeilmmrsuy, 1
ehmor, 1
cdeilnorsuu, 1
ehmos, 2
chloos, 3
aeehhnt, 1
abeerrty, 1
deeelnopv, 2
eiprz, 2
aeiiprrs, 1
abiimnot, 2
agimnno, 2
aelnps, 1
aeflnru, 3
aelnpt, 2
ceeffno, 2
efos, 1
efor, 1
eipss, 1
eipst, 2
eeehilrssstv, 1
ddeglo, 1
aaaeghillnn, 1
aeeikpprsss, 1
eiiinttuv, 1
aehimpst, 1
agginrt, 3
acerstt, 1
gluy, 1
bcejost, 1
acddehinsw, 1
aeginrstu, 2
acegilnno, 1
aefnnorttuu, 2
bbbegilnru, 1
acghinr, 3
ehmmo, 1
akmrs, 1
eipps, 1
aaccilnooptu, 1
ejssu, 2
bcdeinorttu, 1
afghillnt, 1
acersst, 1
gimnov, 6
deefloorvw, 1
eegnnorst, 2
cdoort, 20
aceinort, 4
aaacdnrss, 1
adeglnn, 14
cdioorrr, 4
adeglnt, 3
aceens, 1
eipqu, 1
abdeinorsstu, 1
boswy, 1
eeeqrstu, 1
aabeglr, 2
ceeinpssx, 1
ceeffst, 3
addlnoosw, 1
cfmoort, 2
abellostuy, 3
adefint, 1
acinost, 1
cffils, 1
bdeisstttuu, 1
ghinrsu, 2
ceiprrstu, 1
abcers, 1
anorrw, 7
deimss, 3
aadeeknw, 1
aelnty, 3
ailnrsu, 1
eeeirrsv, 2
ddgiy, 1
ceelnopu, 1
aabellpp, 1
ggiinnr, 1
aceeps, 3
ggiinns, 5
aelntt, 1
adeefnrrrst, 1
aaceirtttv, 1
addelsu, 13
aceeginrv, 1
bnor, 5
acdeeglno, 2
deeenopr, 1
abehlottw, 1
aaeeffhnrst, 1
deggtu, 3
cdefmoort, 1
acdehmostu, 1
eghimnost, 43
ottu, 1
aaprt, 5
aklw, 11
eimostv, 3
dtuy, 6
efgilnrttu, 1
llopy, 11
beggist, 1
aklt, 6
ceeehinrss, 1
dgilmnpsu, 4
acinotu, 1
eorrstu, 2
aegmnrst, 2
abceem, 29
bdeginnnu, 1
acdgiiinnt, 1
aefgmnrst, 1
deggru, 1
ginpttu, 11
acddeirstt, 1
alpsy, 2
akns, 1
aknr, 1
morst, 3
adeirst, 1
aciilmnrs, 2
aciostuu, 2
aabefloruv, 2
aaceimnr, 5
ilqtu, 1
hrsttu, 4
ahmost, 3
ceknor, 5
hinsy, 4
aceghinr, 4
deilnosu, 1
aceghint, 1
aknt, 3
ddeerss, 12
achimrsst, 25
akmr, 6
adeeilprssu, 1
aaccelrtuy, 1
acehmnrst, 2
adeirrv, 6
hioprsw, 1
mnot, 1
abekmr, 3
acimnnoop, 8
mnow, 1
aceerrtu, 8
adeeglnnr, 1
deilnotu, 1
adeeglnnt, 1
akms, 5
ahnoprs, 1
acert, 4
acers, 2
akpr, 2
ceeeimnttx, 3
achnpu, 1
acejkst, 2
aiprst, 1
accehst, 1
aabelluv, 2
aeehmoprst, 5
cceilrs, 2
abeknr, 2
ehrsttu, 1
ahrstwy, 1
eggintt, 14
acesu, 6
eegiknp, 3
achnor, 1
cinosu, 5
ceiinoprs, 1
acess, 5
cdegilnooruv, 1
aenttx, 1
deerst, 5
adefiisst, 5
deersv, 1
aghhlotu, 12
llost, 1
agiiilnnopt, 1
adeehmmr, 1
deilnovv, 1
aeillsv, 4
ghillty, 4
aenprrst, 1
ginoqtu, 1
acetu, 2
aceeip, 1
acetx, 1
cghiot, 1
adehinsv, 6
delnnopssu, 1
ceeprsst, 1
elpruy, 3
fiillptuy, 1
agimnrw, 1
deiinqru, 3
ekorsst, 2
aapps, 1
ceefnopru, 1
egginrs, 1
ginnnru, 10
ciortv, 1
alpps, 1
akmmr, 2
iinnorsstu, 1
amsst, 1
adinnors, 1
alppy, 7
adgilnnort, 1
aeegnprss, 5
aaenpst, 2
deinnot, 1
deginnps, 1
cdehittw, 1
aefgiilnnrs, 1
beest, 1
cgiinnot, 1
eghhit, 4
ejnorsuy, 2
acegilnr, 3
ccehio, 3
aaaddeginstv, 1
eghhir, 3
eimmmsu, 1
ademow, 2
ccfiirux, 1
aegmnr, 9
achtw, 12
ehlosv, 1
ijnnu, 1
aaehilntv, 2
aegmnt, 1
aeginrt, 2
bdeow, 3
eghinw, 3
agimnprt, 1
aefilnnr, 3
aeginrw, 3
abers, 1
eilppssu, 1
acelnnu, 2
aehimpsst, 2
akst, 5
ademns, 1
akss, 2
aehprr, 1
abeimnnsssu, 2
aehprs, 4
aberv, 2
beggir, 2
aabefkrsst, 1
aacfiilnn, 1
agimnpst, 2
aelnprst, 1
aeeinnortv, 1
beeillorsu, 1
dehmost, 3
aciloopst, 1
orrwy, 2
abesu, 1
adinorry, 2
ddeeotv, 3
bdeglru, 1
arsttu, 1
begorsu, 1
aegrstty, 1
eoopprs, 1
ceeinost, 1
iimmntuy, 1
aeinqtu, 1
eopssss, 2
deefiilnty, 2
adiiprty, 1
ghillsty, 6
bdegir, 3
bddelnu, 1
aeeggn, 2
diklny, 5
ceginoprtt, 1
aeimnrr, 2
aeimnrs, 3
ccdeeehkr, 1
deeghilnw, 2
knnow, 8
acelorsy, 1
aeeglr, 1
aeeglu, 16
abemr, 1
abems, 1
achpt, 1
accnorstt, 1
afflloot, 1
aabbehilt, 1
abemy, 8
aefghhoorrtu, 1
ilopsuy, 1
glmooy, 3
fhortu, 2
adeehiln, 1
cceemnnnort, 1
ademss, 1
defilnry, 5
beiiilnoprssty, 1
eeinorssssu, 1
eelmopry, 3
aeeorrsv, 1
ademry, 3
ademrw, 1
chkos, 3
gggiinr, 1
aehmttw, 1
deeeprssx, 2
ademrs, 3
ceinooprtt, 2
emnno, 1
ddeehnort, 1
ceeeinstx, 4
cghou, 1
eehlllpssy, 1
aeeeimnnnrttt, 1
abeov, 16
einoss, 3
ceeistx, 1
eghitw, 5
cdeeglnos, 1
hloost, 1
abdhnsu, 4
eeloprx, 2
adennoy, 1
ccehklu, 1
hiilrstty, 2
emnow, 7
ehklsw, 1
gggilnrstu, 2
ehopprt, 1
emnoy, 33
lrtuy, 3
adeeilnt, 1
acelorrs, 1
ccdehku, 1
adeehnors, 1
aeginsu, 3
dknru, 3
bdens, 1
aeeghinnrtt, 1
eghu, 5
bdegu, 1
cinos, 2
ddei, 6
acdddeeit, 1
ddee, 1
cdersu, 2
bceeehrs, 1
dnoorsuw, 1
istu, 6
eeerrsv, 2
istw, 1
adeenrsstuv, 1
eggs, 2
eoprsv, 3
eoprst, 1
dddeew, 2
achmt, 1
iilnov, 1
ccefllsssuuy, 1
achmr, 5
abejz, 9
adeginntt, 2
eefrv, 1
dehilops, 3
ddeeiprv, 1
abders, 1
eefrs, 1
isst, 1
eoprsw, 5
ddegnnorruu, 1
abekl, 5
achnt, 3
degiilnt, 1
abekr, 15
aeellrrtv, 4
cefmnoorssu, 1
cehnoorss, 1
clnoort, 3
acceeiinpprt, 1
beeilnss, 6
hpsu, 2
deeinprst, 1
eelqsu, 1
eefghilnrrsy, 1
bdeir, 1
eehilnprs, 1
egiv, 38
abelm, 2
defiorttu, 1
aceflru, 6
abelt, 30
aceeemnprt, 1
cdeeefft, 1
deelnss, 3
acghtu, 9
achos, 2
acdeginy, 1
abels, 1
acdeginu, 1
abelz, 2
ddenorrsuu, 4
deeorrst, 3
adeeilrs, 3
adeginnrw, 3
eeopsssss, 1
deinpp, 2
egls, 21
acegott, 1
abeinprst, 1
ddin, 23
belmopr, 8
blmossy, 4
efiry, 4
defllnoruwy, 1
acessu, 1
aahmnott, 1
aeginnr, 1
eefgilns, 5
denorsw, 2
ddeiknr, 1
hnosw, 4
adehlss, 1
deghis, 3
biinosstttuu, 1
achir, 22
ceikqru, 2
deinor, 1
eeeeginvv, 1
achin, 20
aabdeefgiilnt, 1
acfiilty, 1
beilrtty, 3
ceoorstuu, 1
aaelnnpstu, 1
eilnoorstu, 3
accnortt, 1
adgiilnnnty, 1
cdeinosst, 2
ddisy, 1
acegoru, 5
abehioruv, 2
aallnrtuy, 1
eoprrt, 3
beghinrsst, 5
hnort, 10
aalswy, 29
hnors, 1
cefginnoss, 1
deinnt, 2
egno, 21
abegl, 2
deinns, 1
deinnr, 3
abegn, 38
accnotu, 8
accnott, 2
aaaginnopt, 1
bdeel, 1
ddeikln, 1
ddehin, 1
achkl, 1
hortw, 13
ajlnoru, 2
bdehilpsu, 1
eflrstu, 1
adeellrtv, 4
adknr, 1
accmnn, 1
abehs, 1
eeegmnrsss, 1
abcdeeellt, 1
achkw, 1
acehrtw, 1
adeehisv, 1
aemnnr, 14
deintu, 2
deintt, 1
aabdeilmr, 2
aehrsvw, 1
aegilnprs, 1
ddeilnps, 4
efiiinnt, 1
cceloprssu, 1
bdeekmos, 1
ddehoo, 1
abdeit, 1
addeinr, 1
eeiiiinnqssstuv, 1
deiilmrsu, 1
hostu, 11
deinsy, 1
egos, 7
adehlot, 2
defhinrsu, 2
deiintv, 1
cginnotu, 4
chiklty, 3
fghiinorry, 1
emnorru, 2
behiirrst, 1
acdeeiimmnn, 1
dehkoo, 1
acinst, 2
aeiiillmnor, 1
emmmruy, 1
egry, 9
egrw, 3
beertt, 44
ceeimnpss, 1
egru, 1
elpssu, 1
deinrv, 2
aginrst, 3
beprsu, 1
emnorst, 1
ceeeflpprrttu, 1
cgilnooru, 1
cehnost, 1
adeginr, 3
cddeeorr, 1
accefiirs, 2
ahmpstyy, 9
acgiklnn, 1
agggins, 1
cellruy, 1
abdels, 1
acdeprs, 7
eeffint, 5
eegnr, 12
cdeeeorrv, 5
aginrrw, 1
ahnowy, 1
abdelm, 3
adeeghinrstt, 1
aggginr, 1
ceilmmnopt, 2
eijstu, 4
emnortt, 2
agstuu, 4
deeinprrst, 1
acdhinsw, 1
adeenrrtuv, 1
bioprstw, 1
ceeflprty, 8
eehmoprstu, 1
aceglmnry, 6
aceeefinoprtt, 1
adelnrty, 2
effginor, 1
bghotu, 7
aaenpprt, 1
cefnor, 1
aacilprrstu, 1
accelmmnoops, 1
elmorstuu, 1
eflorsuy, 27
aceinptt, 1
cgiiknt, 1
efirtuv, 1
egst, 3
cgiiknp, 2
adeehorrv, 1
aabcdemsu, 1
bdenottu, 2
deeffinrt, 8
aaeemmntz, 1
eehiorst, 3
ccdelnou, 1
abhhmoorrtuu, 1
eegkr, 1
eistu, 1
cdiilnstty, 1
eistx, 1
dddeno, 2
allw, 11
boot, 1
abehrt, 12
allt, 5
aceelrss, 2
demsu, 2
eeefors, 1
aadklrwwy, 1
achksw, 1
opprstu, 5
addeilmnst, 2
deefmor, 2
deiinrsstu, 1
aceiilpsst, 1
cceersy, 1
aacefgnrr, 1
aacciilmnrsttu, 1
alnp, 4
alno, 1
aceilnrty, 14
achmost, 3
mopp, 1
noops, 1
blmoo, 1
eegrrt, 3
nrsu, 1
adeeegimnrst, 1
alnw, 2
bceijnoot, 1
agiillnory, 1
clooru, 10
afilry, 2
adeluv, 1
crtu, 1
egilnpt, 1
aagiintw, 1
aefirr, 2
almp, 7
deiklnrw, 6
iisstv, 3
abbceeijlnoot, 1
acdiiinnost, 1
ceeirsv, 5
ccinoossu, 2
eissu, 2
deeiinopstx, 2
moor, 89
begilmnrt, 5
ahortt, 3
blmpu, 1
aainssstt, 16
deeeghlnnt, 2
efirst, 1
demov, 16
boss, 10
aggiiimnns, 1
aeglrv, 2
ceeelnrssv, 1
aiillnqrttuy, 1
aeglrr, 4
aabdilmry, 3
llor, 2
flnoopsu, 1
morw, 1
eeelnv, 3
ahnopr, 3
alpy, 16
eerrsv, 1
bosy, 15
alpu, 3
bosw, 1
deghsu, 1
alos, 25
aeenpprssw, 3
cdeelnnotty, 1
deiklntw, 1
gikmnos, 4
addiinot, 1
deegilnst, 1
belmoprs, 2
acilostuuy, 2
gilnos, 2
gilnov, 2
nrtu, 24
annrtyy, 2
giloorsuvy, 3
eegilnt, 1
gilnpuzz, 1
borw, 7
cellnoorssu, 1
ginortt, 1
alov, 1
abdeerty, 1
deopru, 2
deoprv, 2
abdeem, 1
aastv, 1
eeelps, 1
cdiijlosuuy, 1
adikmnn, 2
degginnoru, 2
aeimnst, 1
bdest, 2
adhnorrtw, 1
ddeeorr, 2
eimoprs, 3
aacdeefmt, 1
acelnru, 1
beeryz, 2
acelnrt, 1
deioprv, 3
eilmpsu, 1
adilpry, 1
cdddeeily, 2
most, 59
abdefl, 2
llpu, 5
acefllruy, 7
afiimnnoort, 2
ilmpsy, 7
acegimnt, 1
alsuu, 8
abegiknr, 6
aachoppr, 2
orrsy, 5
acinot, 4
eehkloy, 3
deoppp, 1
akprs, 3
cderstu, 1
eehklor, 1
abdegg, 1
dehmptu, 1
dghnotuu, 1
alst, 42
alsw, 1
abdeerst, 1
einrssu, 1
ddeeenprt, 1
eorrttu, 1
noosw, 1
egilno, 1
aeekprs, 1
iillmno, 1
eeelsv, 1
aacdeinqtu, 4
abdeht, 2
aadeglnqru, 1
ilnstu, 1
egilns, 6
egilnr, 1
abdor, 22
afinnt, 4
cdeiinnst, 3
abelmprsuy, 1
aeghlrstu, 1
adghrtu, 3
aacegirr, 5
abdeffl, 1
acemrss, 1
fghilnsu, 1
adeeimnx, 6
afiilmnorty, 1
aehlpsy, 2
glnorsty, 3
bbeorry, 1
beilmr, 2
adeeimnr, 6
aiinossttu, 1
beilmo, 1
celost, 3
aelnoprs, 3
iimorssu, 2
knnnouw, 5
cehipst, 1
ccdeiiirst, 1
abeehiltz, 4
enpst, 4
cdeeeirsx, 1
beillt, 2
aegimnn, 4
bbgiilnn, 1
adeoottt, 2
ehilsstw, 1
aaceflmnr, 1
acdennnou, 2
abdrs, 1
adenrw, 3
beeeilrv, 3
aegnor, 5
deopst, 2
cdeeilmnoopx, 2
aeegiinsttv, 1
aaegnpt, 1
dgiiknnr, 1
cdeeeglnt, 1
aabbeelnru, 2
adenrt, 2
abddeiors, 1
acdeilnoosst, 1
accnostu, 1
adenopr, 1
adeorst, 1
adeorsu, 1
eostv, 3
aeehnv, 14
beglo, 1
beglu, 1
afinru, 1
adfiiosstu, 1
celopu, 5
bginnottu, 2
eersssst, 1
ahmnos, 2
eimoprrs, 1
alyz, 1
aacfgilnnoort, 1
cekopst, 7
ddelnsuy, 18
cdeeeefnr, 2
abdly, 2
aaeilnopssty, 1
acchilmops, 1
adentw, 19
adentt, 1
ddeegins, 2
eimoprss, 3
dees, 1
deep, 20
cccinstu, 1
deen, 10
deem, 1
amnnoosuy, 1
adeilnnrs, 2
abceeilnot, 1
cimsu, 8
deeg, 6
aimnrstt, 1
ceinoprstt, 1
cdffiiltuy, 4
eehhrrww, 1
eiprrssu, 9
ceklor, 4
celors, 1
cfginor, 1
beegprrstu, 1
deey, 2
aeggglu, 1
cdeinorsttu, 3
begnu, 2
deeenpss, 1
accfiip, 2
adeilnoost, 1
abdns, 2
abehimo, 8
bdeghilt, 1
fhilorsu, 2
acdiinorstt, 1
ddeilly, 1
degiillnty, 1
giiklnnt, 2
ginoppst, 1
degiimnp, 1
abdefor, 1
eefistv, 1
adegmmru, 1
efhty, 1
adeerstyy, 4
acilmnopst, 2
defr, 1
bcekkooopt, 2
ehir, 1
fklo, 5
aceeflorst, 2
defl, 4
mooppsu, 1
aellvy, 1
abdehins, 1
alnorrwy, 2
eprssu, 1
cceinnoossssu, 3
gnos, 4
dilrstuy, 1
eelrtt, 17
bghmuu, 8
begin, 64
fghiilnorssu, 1
bdfllotuuy, 1
gnow, 4
deiv, 1
deiw, 11
aellsy, 1
deit, 5
deiu, 1
deir, 1
deis, 44
adeellsst, 1
fkor, 1
allosww, 2
ehlp, 24
dein, 1
ehlo, 8
deil, 5
ehll, 2
aemrt, 2
deeffinst, 2
eegirrst, 1
adeisswy, 2
aaccnvy, 7
beisstttuu, 1
gnru, 2
dehu, 1
aellty, 3
bdemoor, 5
cnostu, 1
dehs, 1
fknu, 1
ckstu, 5
adefhinnosu, 1
dehl, 29
aemst, 2
dehi, 1
beeersz, 1
aelltw, 1
aelnnrt, 6
abdilmnn, 1
aacilmoopst, 1
eprsuu, 2
abeillssu, 1
delnoprs, 1
bceeeghins, 1
adehqssu, 2
ehnw, 180
deku, 4
ehnt, 185
deks, 5
dehlow, 1
belmpru, 1
acnnno, 1
ddeimn, 2
glnsu, 2
hiintw, 23
aeerstu, 1
eeginorssv, 4
efllow, 15
biloosuvy, 2
ehmt, 135
eeginooprrvw, 1
bgilmmnu, 1
cginorss, 1
efmorr, 5
ehmo, 30
cdeeinoprv, 2
gnsu, 2
abefortu, 7
adeeggrst, 2
aabeellorty, 1
adenot, 1
addeflru, 5
aemns, 12
aemnt, 2
abdeo, 4
deorttu, 1
bhhllosuy, 1
deiopr, 1
demo, 1
abdel, 1
deiops, 1
aaahlttt, 2
afillnpuy, 3
arsst, 3
adeeenrtt, 2
abder, 3
abdes, 2
efhrs, 10
eeelnrsy, 1
ddeilnp, 1
ehov, 1
eilpprss, 1
eiinnsstt, 1
ehos, 1
ehor, 3
arstw, 3
acgir, 1
ehop, 22
acnnot, 22
acgim, 2
deln, 4
arstt, 1
ddeilm, 12
behilt, 1
ddeilr, 5
gggilnru, 2
adeisstt, 1
giinnnp, 1
aachimrr, 6
aenrst, 1
horsu, 19
horst, 10
deoz, 1
aenrsw, 21
deow, 1
ehrs, 1
deos, 21
aegiimns, 1
aehrrty, 1
bgilnott, 1
cgilnnostu, 1
aceilnnrtuy, 2
blluy, 1
aaceghlnr, 5
hnortw, 2
fiilmpsy, 1
aeeginrrtt, 1
giinnnw, 2
aabeelort, 1
aenrtu, 15
hnoor, 1
aenrtv, 1
egiinrtu, 1
dens, 4
dent, 3
bdginsuu, 2
dehlru, 1
deno, 33
bddeiors, 1
glory, 7
aabeilm, 2
glorw, 1
aegilnqsu, 1
aaceglnorttu, 2
ccdeefinno, 4
adeeprsu, 1
inrtwy, 1
eeeginnprrst, 3
cdeilprsu, 1
filnt, 1
aefmorr, 1
bmoott, 1
ehty, 192
ehoss, 2
degins, 5
ehost, 39
ehosu, 48
ehosv, 1
ehosw, 18
cllnnooy, 1
acgilnnu, 1
anoprt, 1
ceinnosstt, 1
acginr, 1
eeeehlrsw, 1
bmooss, 1
acginp, 3
ghiillnss, 6
aaeinopprrst, 2
eeflt, 2
ddeipp, 2
eglru, 2
eefls, 2
cinossu, 1
aginsty, 1
bciistu, 2
aacdeejltu, 1
cceinnnoost, 1
aabeglnprsu, 1
iimsss, 3
delov, 9
delow, 3
cdghiin, 1
deloy, 1
dginost, 1
ghilnow, 2
aadrsstuy, 1
aacitt, 1
desu, 13
adelmprt, 2
acgilnps, 1
eirtw, 4
aginssy, 1
acgilnpp, 1
fills, 3
delor, 1
aellry, 25
deffpu, 2
aghlsty, 1
adefggl, 1
derw, 11
abcdeeelrt, 2
aaeegrv, 1
deru, 3
addeehrt, 1
ehors, 5
ehort, 88
aellru, 1
acdeilmnop, 1
adegnorsu, 5
aillnosuv, 1
deginnrssu, 3
beeiilnprssxy, 1
adiinn, 2
iiinnottu, 1
accdehilmops, 2
aillnpy, 2
eglow, 1
deiimnprt, 1
deefllw, 1
eirrv, 5
efiln, 1
ghiilnttw, 2
eeopprsss, 1
bbinor, 1
amny, 42
aabbdorst, 3
mppu, 4
amnu, 1
cdeemmnor, 1
cstu, 1
aehrrss, 1
deffno, 1
adeiprr, 1
egiinrrt, 1
adeiprs, 7
acgirs, 2
bnosttu, 2
aellps, 1
ehops, 5
eirsw, 1
aillnossu, 1
efikn, 4
aimnnos, 1
adehlnrstu, 1
deehrsu, 1
eforruv, 1
ammr, 1
aiikmnn, 1
accgikln, 2
aaiillt, 2
deettw, 3
cersu, 2
cefmoorrt, 2
enttwy, 13
elnntu, 2
eerssv, 1
egilmnt, 1
acilloty, 1
amor, 1
ginostw, 1
dllouy, 6
agillnosww, 2
aglpuy, 1
eeimmors, 1
ceghiorstt, 1
acefilstu, 2
deiinost, 1
eefprr, 1
adfhlnsu, 1
acimnort, 4
nstu, 2
aeeellmnt, 1
lloswy, 20
eegimnt, 3
egiinnosu, 1
eegimns, 3
aahhopr, 1
bhiirst, 2
bnrtu, 4
eerstt, 47
amrs, 18
aacdeinr, 1
aaiilnt, 4
aeegnv, 1
accgiknr, 1
cdors, 1
deiinors, 1
cdorw, 6
ceruv, 2
abehlnoor, 1
egilmps, 4
eimnnot, 4
ceiijnstu, 1
amrw, 11
delmo, 3
amry, 10
dggilnos, 2
aadlnu, 4
dellw, 1
aehimnsstu, 5
aaehiiortttuv, 1
aaccorstuy, 1
lmpu, 3
allsst, 1
aeelrsty, 1
aeeillnnstw, 1
eeimmns, 4
eillnss, 2
befgiills, 1
eeghinwz, 1
acdilsy, 1
addhooossww, 1
aeinptt, 5
aarry, 1
amst, 3
amss, 3
ciiintvy, 1
aeinotvx, 1
deeiqrru, 2
aaegmrrt, 7
aacdeiosst, 2
blmosy, 4
eeenprrsst, 1
aaabelnnrrtuw, 1
aceginpr, 1
amsw, 1
aceginps, 1
aeegrs, 1
osttu, 3
cdeeginoprs, 2
hipss, 3
deeiqruv, 1
aeeilntttvy, 1
einrttw, 6
aacehmmnnrt, 1
acdeiqttu, 1
aabcdennu, 1
dhiilnrsww, 1
cceehkkorrw, 1
bghilrty, 1
addnorsww, 1
beegghiilmrrst, 1
abeill, 1
bcrsu, 1
ailorsty, 1
bmoos, 1
aeelrst, 1
cdemmooor, 2
aeelrsv, 11
egiinnoqstu, 3
dehnrtu, 1
ccddeennos, 2
defhlsu, 2
egilmmr, 1
bmoor, 2
